S0170000426F6F746C6F616465725F5A345F302E7372656386
S315012000007C00014670000000702000007040000056
S31501200010706000007080000070A0000070C00000B9
S3150120002070E00000710000007120000071400000A6
S31501200030716000007180000071A0000071C0000095
S3150120004071E0000072000000722000007240000082
S31501200050726000007280000072A0000072C0000071
S3150120006072E000007300000073200000734000005E
S31501200070736000007380000073A0000073C000004D
S3150120008073E000007C2103A67C2FF1207C2903A6A6
S315012000907C3043A67C3143A67C3243A67C3343A6DF
S315012000A07C3A0BA67C3B0BA67C3A8BA67C3B8BA68B
S315012000B07C3D0BA67C3F0BA67C2043A67C3E0BA653
S315012000C07FE803A6709FE4057080C00070A000033E
S315012000D07CA903A67078052054640010707B012842
S315012000E054640010707FE7007060C1025464000000
S315012000F0188481407A20FFE070A0E00470A0C0003F
S315012001007CA53C707CA903A670A8E00070A0C00065
S315012001101805090018A580807A20FFF87060020171
S315012001207C75FBA600017060E0027C70FBA60001D5
S315012001307CC000A670C2C0007CC001247028E001EA
S31501200140702FC01071A8E00071B2C0D07040E121BB
S315012001507048C100180106C078003211780032912A
S30D012001607C0081467800B34DB5
S3150120100078001D804400440044004400440044000C
S3150120101078001D9E440044004400440044004400DE
S3150120102078001DDC44004400440044004400440090
S3150120103078001E0644004400440044004400440055
S3150120104078002050440044004400440044004400F9
S3150120105078001E68440044004400440044004400D3
S3150120106078001E9244004400440044004400440099
S3150120107078001F9844004400440044004400440082
S31501201080780020D044004400440044004400440039
S3150120109078001ED644004400440044004400440025
S315012010A078001EF4440044004400440044004400F7
S309012010B078001F1E60
S3150120200001202BC801202BC801202BC801202BC859
S3150120201001202BC801202BC801202BC801202BC849
S3150120202001202BC801202BC801202BC801202BC839
S3150120203001202BC801202BC801202BC801202BC829
S3150120204001202BC801202BC801202BC801202BC819
S3150120205001202BC801202BC801202BC801202BC809
S3150120206001202BC801202BC801202BC801202BC8F9
S3150120207001202BC801202BC801202BC801202BC8E9
S3150120208001202BC801202BC801202BC801202BC8D9
S3150120209001202BC801202BC801202BC801202BC8C9
S315012020A001202BC801202BC801202BC801202BC8B9
S315012020B001202BC801202BC801202BC801202BC8A9
S315012020C001202BC801202BC801202BC801202BC899
S315012020D001204BB4012048B4012048CC012048E41A
S315012020E0012048FC012049140120492C01204944A2
S315012020F00120495C012049740120498C012049A411
S31501202100012049BC012049D4012049EC01204A047F
S3150120211001204A1C01204A3401204A4C01204A64EC
S3150120212001204A7C01204A9401204AAC01204AC45C
S3150120213001204ADC01204AF401204B0C01204B24CA
S3150120214001204B3C01204B5401204B6C01204B8438
S3150120215001204B9C01202BC801202BC801202BC814
S3150120216001202BC801202BC801202BC801202BC8F8
S3150120217001202BC801202BC801202BC801202BC8E8
S3150120218001202BC801202BC801202BC801202BC8D8
S3150120219001202BC801202BC801202BC801202BC8C8
S315012021A001202BC801202BC801202BC801202BC8B8
S315012021B001202BC801202BC801202BC801202BC8A8
S315012021C001202BC801202BC801202BC801202BC898
S315012021D001202BC801202BC801202BC801202BC888
S315012021E001202BC801202BC801202BC801202BC878
S315012021F001202BC801202BC801202BC801202BC868
S3150120220001202BC801202BC801202BC801202BC857
S3150120221001202BC801202BC801202BC801202BC847
S3150120222001202BC801202BC801202BC801202BC837
S3150120223001202BC801202BC801202BC801202BC827
S3150120224001202BC801202BC801202BC801202BC817
S3150120225001202BC801202BC801202BC801202BC807
S3150120226001202BC801202BC801202BC801202BC8F7
S3150120227001202BC801202BC801202BC801202BC8E7
S3150120228001202BC801202BC801202BC801202BC8D7
S3150120229001202BC801202BC801202BC801202BC8C7
S315012022A001202BC801202BC801202BC801202BC8B7
S315012022B001202BC801202BC801202BC801202BC8A7
S315012022C001202BC801202BC801202BC801202BC897
S315012022D001202BC801202BC801202BC801202BC887
S315012022E001202BC801202BC801202BC801202BC877
S315012022F001202BC801202BC801202BC801202BC867
S3150120230001202BC801202BC801202BC801202BC856
S3150120231001202BC801202BC801202BC801202BC846
S3150120232001202BC801202BC801202BC801202BC836
S3150120233001202BC801202BC801202BC801202BC826
S3150120234001202BC801202BC801202BC801202BC816
S3150120235001202BC801202BC801202BC801202BC806
S3150120236001202BC801202BC801202BC801202BC8F6
S3150120237001202BC801202BC801202BC801202BC8E6
S3150120238001202BC801202BC801202BC801202BC8D6
S3150120239001202BC801202BC801202BC801202BC8C6
S315012023A001202BC801202BC801202BC801202BC8B6
S315012023B001202BC801202BC801202BC801202BC8A6
S315012023C001202BC801202BC801202BC801202BC896
S315012023D001202BC801202BC801202BC801202BC886
S315012023E001202BC801202BC801202BC801202BC876
S315012023F001202BC801202BC801202BC801202BC866
S3150120240001202BC801202BC801202BC801202BC855
S3150120241001202BC801202BC801202BC801202BC845
S3150120242001202BC801202BC801202BC801202BC835
S3150120243001202BC801202BC801202BC801202BC825
S3150120244001202BC801202BC801202BC801202BC815
S3150120245001202BC801202BC801202BC801202BC805
S3150120246001202BC801202BC801202BC801202BC8F5
S3150120247001202BC801202BC801202BC801202BC8E5
S3150120248001202BC801202BC801202BC801202BC8D5
S3150120249001202BC801202BC801202BC801202BC8C5
S315012024A001202BC801202BC801202BC801202BC8B5
S315012024B001202BC801202BC801202BC801202BC8A5
S315012024C001202BC801202BC801202BC801202BC895
S315012024D001202BC801202BC801202BC801202BC885
S315012024E001202BC801202BC801202BC801202BC875
S315012024F001202BC801202BC801202BC801202BC865
S3150120250001202BC801202BC801202BC801202BC854
S3150120251001202BC801202BC801202BC801202BC844
S3150120252001202BC801202BC801202BC801202BC834
S3150120253001202BC801202BC801202BC801202BC824
S3150120254001202BC801202BC801202BC801202BC814
S3150120255001202BC801202BC801202BC801202BC804
S3150120256001202BC801202BC801202BC801202BC8F4
S3150120257001202BC801202BC801202BC801202BC8E4
S3150120258001202BC801202BC801202BC801202BC8D4
S3150120259001202BC801202BC801202BC801202BC8C4
S315012025A001202BC801202BC801202BC801202BC8B4
S315012025B001202BC801202BC801202BC801202BC8A4
S315012025C001202BC801202BC801202BC801202BC894
S315012025D001202BC801202BC801202BC801202BC884
S315012025E001202BC801202BC801202BC801202BC874
S315012025F001202BC801202BC801202BC801202BC864
S3150120260001202BC801202BC801202BC801202BC853
S3150120261001202BC801202BC801202BC801202BC843
S3150120262001202BC801202BC801202BC801202BC833
S3150120263001202BC801202BC801202BC801202BC823
S3150120264001202BC801202BC801202BC801202BC813
S3150120265001202BC801202BC801202BC801202BC803
S3150120266001202BC801202BC801202BC801202BC8F3
S3150120267001202BC801202BC801202BC801202BC8E3
S3150120268001202BC801202BC801202BC801202BC8D3
S3150120269001202BC801202BC801202BC801202BC8C3
S315012026A001202BC801202BC801202BC801202BC8B3
S315012026B001202BC801202BC801202BC801202BC8A3
S315012026C001202BC801202BC801202BC801202BC893
S315012026D001202BC801202BC801202BC801202BC883
S315012026E001202BC801202BC801202BC801202BC873
S315012026F001202BC801202BC801202BC801202BC863
S3150120270001202BC801202BC801202BC801202BC852
S3150120271001202BC801202BC801202BC801202BC842
S3150120272001202BC801202BC801202BC801202BC832
S3150120273001202BC801202BC801202BC801202BC822
S3150120274001202BC801202BC801202BC801202BC812
S3150120275001202BC801202BC801202BC801202BC802
S3150120276001202BC801202BC801202BC801202BC8F2
S3150120277001202BC801202BC801202BC801202BC8E2
S3150120278001202BC801202BC801202BC801202BC8D2
S3150120279001202BC801202BC801202BC801202BC8C2
S315012027A001202BC801202BC801202BC801202BC8B2
S315012027B001202BC801202BC801202BC801202BC8A2
S315012027C001202BC801202BC801202BC801202BC892
S315012027D001202BC801202BC801202BC801202BC882
S315012027E001202BC801202BC801202BC801202BC872
S315012027F001202BC801202BC801202BC801202BC862
S3150120280001202BC801202BC801202BC801202BC851
S3150120281001202BC801202BC801202BC801202BC841
S3150120282001202BC801202BC801202BC801202BC831
S3150120283001202BC801202BC801202BC801202BC821
S3150120284001202BC801202BC801202BC801202BC811
S3150120285001202BC801202BC801202BC801202BC801
S3150120286001202BC801202BC801202BC801202BC8F1
S3150120287001202BC801202BC801202BC801202BC8E1
S3150120288001202BC801202BC801202BC801202BC8D1
S3150120289001202BC801202BC801202BC801202BC8C1
S315012028A001202BC801202BC801202BC801202BC8B1
S315012028B001202BC801202BC801202BC801202BC8A1
S315012028C001202BC801202BC801202BC801202BC891
S315012028D001202BC801206EC001206EA801206E9018
S315012028E001206ED801206EF001206F0801206F2093
S315012028F001206F3801206F5001206F6801202BC8FD
S3150120290001202BC801202BC801206F9801206F8040
S3150120291001206FB001206FC801206FE001206FF800
S3150120292001207010012070280120704001202BC841
S3150120293001202BC801202BC801207070012070585E
S3150120294001207088012070A0012070B8012070D06C
S31501202950012070E8012071000120711801202BC887
S3150120296001202BC801202BC801207148012071307C
S31501202970012071600120717801207190012071A8D8
S31501202980012071C0012071D8012071F001202BC8CE
S3150120299001202BC801202BC801207220012072089A
S315012029A00120723801207250012072680120728044
S315012029B001207298012072B0012072C801202BC813
S315012029C001202BC801202BC8012072F8012072E0BA
S315012029D001207310012073280120734001207358B0
S315012029E00120737001207388012073A001202BC858
S315012029F001202BC801202BC8012073D0012073B8D8
S31501202A00012073E80120740001207418012074301C
S31501202A1001207448012074600120747801202BC89C
S31501202A2001202BC801202BC8012074A801207490F5
S31501202A30012074C0012074D8012074F0012075088A
S31501202A4001207520012075380120755001202BC8E1
S31501202A5001202BC801202BC801202BC801202BC8FF
S31501202A6001202BC801202BC801202BC801202BC8EF
S31501202A7001202BC801202BC801202BC801202BC8DF
S31501202A8001202BC801202BC801202BC801202BC8CF
S31501202A9001202BC801202BC801202BC801202BC8BF
S31501202AA001202BC801202BC801202BC801202BC8AF
S31501202AB001202BC801202BC801202BC801202BC89F
S31501202AC001202BC801202BC801202BC801202BC88F
S31501202AD001202BC801202BC801202BC801202BC87F
S31501202AE001202BC801202BC801202BC801202BC86F
S31501202AF001202BC801202BC801202BC801202BC85F
S31501202B0001202BC801202BC801202BC801202BC84E
S31501202B1001202BC801202BC801202BC801202BC83E
S31501202B2001202BC801202BC801202BC801202BC82E
S31501202B3001202BC801202BC801202BC801202BC81E
S31501202B4001202BC801202BC801202BC801202BC80E
S31501202B5001202BC801202BC801202BC801202BC8FE
S31501202B6001202BC801202BC801202BC801202BC8EE
S31501202B7001202BC801202BC801202BC801202BC8DE
S31501202B8001202BC801202BC801202BC801202BC8CE
S31501202B9001202BC801202BC801202BC801202BC8BE
S31501202BA001202BC801202BC801202BC801202BC8AE
S31501202BB001202BC801202BC801202BC801202BC89E
S31101202BC001202BC801202BC87800000042
S31501202BD07068E00070E8E0001C6310D01CE710D09C
S31501202BE02027063722577A01001670E0E0001CE7FD
S31501202BF000002A077A12000800B7000600044400E4
S31501202C007068E0007088E0001C6310D01C8410D02E
S31501202C1006346A246A147C8401957A12001670C0DF
S31501202C20E0001CC600002A067A12000800B600063B
S31501202C3000044400182106E800801B810908D701F9
S31501202C407388E00030FC12142A077A02006A73E8BE
S31501202C50E00073A0E12150FF12181FBDC12470C0EE
S31501202C60E1211FFF12181FC6C12806DE6A2E1BDEB0
S31501202C7084FF0DE77A00001C20077CE61070D07FC8
S31501202C807CFD302E00B70007C07F0DE77A10FFECE0
S31501202C9079FFFF4170E0E0001CE700002A077A1265
S31501202CA000107060E1211C63C84078DFD3574817B4
S31501202CB034FC1214C70100901B81080821710004FD
S31501202CC0182106F80080D301C30100902071000469
S31501202CD0182106F8008070E0E000D3011CE700000F
S31501202CE02A077A1200187060E1217088E0001C63BF
S31501202CF0C8401C84121C78DFD30B70E8E0001CE767
S31501202D0010D00173C0732A077A02000EC301009006
S31501202D10207179FFFEEE70E0E0001CE700002A0733
S31501202D207A12FFEC00B7000779FFFFE4182106F8B5
S31501202D300080D301C301009020710004000000002F
S31501202D40D931DA41DB51DC61DD715501003855217C
S31501202D50003C55410040556100445581004800051D
S31501202D60C931CA41CB51CC61CD71510100385121B4
S31501202D70003C514100405161004451810048000509
S31501202D80182106B0D4010080D50179FFFFB77C0058
S31501202D9000A67000D2007C00012479FFFE2F79FF66
S31501202DA0FFC3C5010090C4011C2100500008182151
S31501202DB006B0D4010080D50100A0D6017C0102A66F
S31501202DC0D7017C000026D80179FFFF797C0000A677
S31501202DD07000D2007C00012479FFFDF179FFFF8587
S31501202DE0C8017C0FF120C7017C0103A6C60100B0F2
S31501202DF0C5010090C4011C210050000B182106B00A
S31501202E00D4010080D5017C1E0AA6D60179FFFF35A3
S31501202E107C0000A67000D2007C00012479FFFDAD64
S31501202E2079FFFF41C6017C1E0BA6C5010090C40196
S31501202E301C2100500008182106B0D4010080D501BC
S31501202E407C1E0AA6D60179FFFEFB7C0000A6700037
S31501202E50D2007C00012479FFFD7379FFFF07C601AB
S31501202E607C1E0BA6C5010090C4011C210050000840
S31501202E70182106B01881110CD231707FE4045063F9
S31501202E8000207C008146C0331821111400931801BB
S31501202E90112400051821101418011024707FE40450
S31501202EA07C0006AC7C00014654630030C231188197
S31501202EB0100C1C2100500008182106B0D4010080F6
S31501202EC0D5017C1E0AA6D60179FFFE797C0000A6D3
S31501202ED07000D2007C00012479FFFCF179FFFE8588
S31501202EE0C6017C1E0BA6C5010090C4011C21005001
S31501202EF00008182106B0D4010080D5017C1E0AA63F
S31501202F00D60179FFFE3F7C0000A67000D2007C002E
S31501202F10012479FFFCB779FFFE4BC6017C1E0BA667
S31501202F20C5010090C4011C2100500008182106B0DB
S31501202F30D4010080D5017C1E0AA6D60179FFFE05A3
S31501202F407C0000A67000D2007C00012479FFFC7D64
S31501202F5079FFFE11C6017C1E0BA6C5010090C40196
S31501202F601C2100500008182106B0D4010080D5018B
S31501202F7079FFFDD17C0000A67000D2007C000124DF
S31501202F8079FFFC4979FFFDDDC5010090C4011C21B3
S31501202F900050000A182106B0D4010080D5017C1EFC
S31501202FA00AA6D60179FFFD9D7C0000A67000D200FD
S31501202FB07C00012479FFFC1579FFFDA9C6017C1E41
S31501202FC00BA6C5010090C4011C2100500008182140
S31501202FD006B0D4010080D5017C1E0AA6D60179FF50
S31501202FE0FD637C0000A67000D2007C00012479FFDD
S31501202FF0FBDB79FFFD6FC6017C1E0BA6C501009088
S31501203000C4011C2100500008182106B0D4010080FB
S31501203010D50179FFFD2F7C0000A67000D2007C002F
S31501203020012479FFFBA779FFFD3BC5010090C4016F
S315012030301C210050000800000000000000000000D4
S3150120304070C8E000542611887068E0005063117042
S31501203050C0137C0006AC70FFE4047CDE42A66C261D
S315012030607CE63A1471000000550700107C20092DDA
S315012030701881100C182110141801102419C1085098
S315012030801C210098000844004400440044004400E8
S315012030905421FF681C21FF681881110C1821111475
S315012030A01801112419C109507C9142A6D2417C9064
S315012030B042A62A04E50A7068E00050631170D01315
S315012030C070C8E0005026118820047C9043A6707FAA
S315012030D0E4047CDE42A66C267C661A14506300202A
S315012030E07C008146C04300947463F5BF00057C00D3
S315012030F006AC7C000146707FE4047CDE42A66C2689
S315012031007C661A14546300307C9042A624047C9079
S3150120311043A62A04E50C70C8E0005426118870687D
S31501203120E00050631170C0137C0006ACC2417C9153
S3150120313043A67C20092D1881100C18211014180182
S31501203140102419C108501C2100980008440044008D
S315012031502A03E61F2A13E6052A23E613E8FA440082
S3150120316048137C9B02A66714E6077C9B02A6611482
S315012031707C9B03A648030008440044004400440005
S315012031807C9B02A665147C9B03A600084400440090
S315012031905421FF681C21FF681881110C1821111474
S315012031A01801112419C109507C9142A6D241706897
S315012031B0E00050631170D01370C8E00050261188CA
S315012031C07C9042A620047C9043A670FFE4047CDE1A
S315012031D042A66C267CE63A147100000F55070010B2
S315012031E07C0006AC7C008146000178005C4B7C00AB
S315012031F006AC7C0001467C9042A624047C9043A622
S3150120320070C8E000542611887068E0005063117080
S31501203210C0137C0006ACC2417C9143A62A04E50C6E
S3150120322070FFE4047CDE42A66C267CE63A1471002B
S315012032300000550700107C20092D1881100C18213B
S3150120324010141801102419C108501C2100980008D7
S315012032507C7A8AA67C9B8AA67CBC8AA67CDD8AA6E9
S31501203260E8F844004400440044004400440044007B
S315012032707C7A8AA67C9B8AA67CBE0AA67CDD0AA6C7
S31501203280E8F851CBFFB851EBFFBC520BFFC0522BD4
S31501203290FFC4524BFFC8526BFFCC528BFFD052ABAF
S315012032A0FFD452CBFFD852EBFFDC530BFFE0532B5D
S315012032B0FFE4534BFFE8536BFFEC538BFFF053AB0B
S315012032C0FFF453CBFFF8500B000453EBFFFC0090A7
S315012032D0033100047148E0007160E121512A0C009C
S315012032E01D6BC1081849A8007A1A00060004542A41
S315012032F00C00506B0008508B000C7C8320007A1642
S31501203300000851AB0004506B0014508B00187C83CD
S3150120331020007A160008504B001078008D9E000080
S31501203320182106F00080D3F1D50173E0E1211FFFBA
S31501203330C13018FF02FC73E79FFF7A12001400B711
S31501203340000718FF02FC73E79FFF7A02FFF4C5010D
S315012033500090C3F120F10004182106F80080D30162
S31501203360C3010090207100047CFE42A600C72207FB
S315012033707A12002222177A12002E2A077A020036A2
S3150120338070FFE404C06761F6D0674806D467780009
S31501203390002470FFE404C06761B6D0674806D5678C
S315012033A07800001270FFE404C0676176D067480692
S315012033B0D66770E0E1201CE710007CFF0BA670FFAA
S315012033C0E400C0676526D067C0676516D067C06709
S315012033D06536D06770FFE000C0676536D067C06785
S315012033E06526D067C0676516D0670004182106F0E8
S315012033F0D3F170E0E12150E7C8C42A077A120042CE
S315012034007060E1211C63C8C47CFF10706C47077F84
S31501203410043F2C00C153C243C3737CC538517A1271
S31501203420001804047CE5021400B618C7000118C46C
S3150120343004017A20FFF820B30DF37A02FFDA7CFE2D
S3150120344042A674E715BB70C0E1211CC6C19C7CC68F
S31501203450382E70E8E0001CE70000D07670E0E1210C
S3150120346050E7C9042A077A1200387060E1211C63EB
S31501203470C9086C377C033A142C0F4804C053C17316
S315012034807CC538517A1200127CE5FA1400B61887E9
S3150120349004017A20FFFC20730D037A02FFE2C3F1B7
S315012034A020F1000470F05800C07767B77A12000E39
S315012034B050ED8040D073480300044807D0736373EE
S315012034C00004000070F05800C07767A77A12000E3A
S315012034D050ED805CD073480300044807D0736373B2
S315012034E000040000182106E80080D70130ED805045
S315012034F02A077A12000A2A037A02012270FE0C0098
S31501203500D27154ED803C70C058C0C06674C6C6FFE7
S3150120351020067CE7339654ED804C70E0E0F418E702
S31501203520D124D27154ED803870A05800C06574C67C
S31501203530C6FF20067CE7339654ED804050ED80048B
S31501203540D27154ED805470C05900C06674C6C6FF4E
S3150120355020067CE7339654ED804450ED8008D271E5
S3150120356054ED805870C05840C06674C6C6FF200608
S315012035707CE73396D27154ED805C50E501C06677C5
S315012035807A0200101861800879FFFF1D7800001A61
S3150120359070E0580050E701C066777A12000C186176
S315012035A0800879FFFF2371605800196BD080500B7A
S315012035B000287400A77FC2717C07039650CB002890
S315012035C0508B00307484047F506B00187467947F8D
S315012035D0186780017CE01B967CA721D600C60506CC
S315012035E07CC532140537070705747CE41B967CE6F7
S315012035F03A1450CB002874C686BF20067CE63430A8
S3150120360054CD804850CB002874C63EBF2006406763
S3150120361054ED8030481734ED8050C7010090217158
S3150120362000040000182106D00080DD011AE1090CF2
S3150120363070E05940C06718C6D006D067C06761F6EA
S31501203640D067C4674876D46770F05800CB6774C6D4
S31501203650002D18C6D090DB67CC6774C6002D18C61E
S31501203660D090DC67CD6774C6002D18C6D090DD6773
S31501203670CE6774C6002D18C6D090DE67CF6774C694
S31501203680002D18C6D090DF67CA6774C6002D18C6EC
S31501203690D090DA67480601744805488700B718E6CE
S315012036A080206C277CA4392E20067A20FFF4480638
S315012036B071605800196BD1804A844805488700B744
S315012036C07CE622146C277CAB392E20067A20FFF467
S315012036D070F05800480634C700D834C700D934C71B
S315012036E000C034C700D434C700D534C700D634C788
S315012036F0011434C7011A34C700E834C700E934C7B6
S3150120370000EA34C700EB34C700C134C700C234C74E
S3150120371000C334C700CF34C7010634C7010734C7F5
S31501203720010834C7010934C7010A34C7010B34C75C
S31501203730010C34C7010D34C700DC34C700DE34C7A1
S3150120374000DF34C700E034C700E134C7011234C7B3
S3150120375000F234C700F334C700FC34C700FD34C778
S3150120376000FE34C700FF34C7010034C7010134C746
S31501203770010234C7010334C700F434C700F534C746
S3150120378000F634C700F734C700F834C700F934C748
S3150120379000FA34C700FB34C7011334C7012934C7E3
S315012037A000C634C7011B34C7012634C700CA34C733
S315012037B000CB34C700CC34C700C734C7012034C777
S315012037C0012134C7012234C7012334C7012434C758
S315012037D0012534C700C434C700C534C7011DC167DC
S315012037E018C6C3F0016570ABC2F0D15770D4C50FAE
S315012037F0D167C07766477A12087870C0E09870D290
S31501203800C67F71605800196BD18062442C0550EB3C
S3150120381000007CE720397A12085804562A067A02D3
S31501203820FFF0483F7800091A48367800000C4846D0
S3150120383078000006482650E301CC18E784FD23B71B
S315012038407A11003270A0E1211CA5C1A86C277CE564
S31501203850382E7CA72A1400B50006481778000018D0
S3150120386048277800001248377800000C484778002E
S315012038700006480750A301BC74A4646730A301C4A1
S3150120388044456D0644566D97447670E05880DA6754
S31501203890CC5758C301C274C6047F4456DC67300333
S315012038A001DD308301DE33E301DC621E2A0F7A0259
S315012038B00006480E62262A007A020006480662376A
S315012038C02A047A020006480770805880CC5444E5C1
S315012038D044564467DC7430A301E030E301DF7CE722
S315012038E0003468576D070146CC4474A5929B444524
S315012038F04457DC7658E301C074E770E3D67658E383
S3150120390001D858C301DA308301D062152A047A021C
S315012039100006480574E7819F74C6057F44674457AE
S3150120392070C05880DB7633A3001833C3001A33E303
S31501203930001B3003001C3083001D70F05800CB673C
S3150120394030E3001963852A077A020006480574C602
S31501203950002D1BA7C00F4467445749062A0E7A0239
S3150120396000064806446763762A0F7A02000648064F
S3150120397044764A072A007A020006480744764C070D
S315012039802A047A0200064807446770D05800DB767D
S3150120399033E30022300300233083002430A30025A3
S315012039A0CC7674E7002D30C300202EF6446733C34E
S315012039B0002163862A0E7A020006480644674906D4
S315012039C02A0F7A0200064806447663772A007A028D
S315012039D00006480744764A072A047A020006480761
S315012039E044764C072A057A0200064807446770D0B8
S315012039F05800DC7633E3002A3003002B3083002C79
S31501203A0030A3002DCD7674E7002D30C300282EF685
S31501203A10446733C3002963862A0E7A0200064806C4
S31501203A20446749062A0F7A020006480644766377D8
S31501203A302A007A020006480744764A072A047A02AF
S31501203A400006480744764C072A057A0200064807ED
S31501203A50446770D05800DD7633E3003230030033FB
S31501203A603083003430A30035CE7674E7002D30C381
S31501203A7000302EF6446733C3003163862A0E7A025C
S31501203A8000064806446749062A0F7A0200064806B8
S31501203A90447663772A007A020006480744764A0765
S31501203AA02A047A020006480744764C072A057A0238
S31501203AB000064807446770D05800DE7633E3003AA3
S31501203AC03003003B3083003C30A3003DCF7674E7C2
S31501203AD0002D30C300382EF6446733C30039638680
S31501203AE02A0E7A0200064806446749062A0F7A02F8
S31501203AF000064806447663772A007A0200064807BC
S31501203B0044764A072A047A020006480744764C0777
S31501203B102A057A0200064807446770D05800DF76E6
S31501203B2033E30012300300133083001430A3001551
S31501203B30CA7674E7002D30C300102EF6446733C3CE
S31501203B40001163862A0E7A02000648064467490652
S31501203B502A0F7A0200064806447663772A007A02FB
S31501203B600006480744764A072A047A0200064807CF
S31501203B7044764C072A057A0200064807446770D026
S31501203B805800DA7633E300423003004330830044A1
S31501203B9030A3004550E6004874E7002D30C30040AD
S31501203BA02EF6446733C3004163862A0E7A02000645
S31501203BB04806446749062A0F7A02000648064476D3
S31501203BC063772A007A020006480744764A072A04C0
S31501203BD07A020006480744764C072A057A0200062F
S31501203BE04807446770D0580054E6004833E3004A3A
S31501203BF03003004B3083004C30A3004D50E6005477
S31501203C0074E7002D30C300482EF6446733C30049BC
S31501203C1063862A0E7A0200064806446749062A0F59
S31501203C207A0200064806447663772A007A0200065D
S31501203C30480744764A072A047A020006480744764A
S31501203C404C072A057A0200064807446770D05800B7
S31501203C5054E6005433C3005A3003005B3083005CC2
S31501203C6070F84800C16718C6C46430E3005874E789
S31501203C703E3133E3005948852A0F7A02000648056A
S31501203C8044E64467445749062A007A020006480654
S31501203C90447648272A047A0200064807446770D8E2
S31501203CA04800D1763083006330A30064C27618E7DA
S31501203CB0C4E430C3006144673003006248862A00A9
S31501203CC07A0200064806446749062A047A02000653
S31501203CD04806447648272A057A020006480744679B
S31501203CE070D84800D2763083006B30A3006CC3763F
S31501203CF018E7C4E430C3006944673003006A488684
S31501203D002A007A0200064806446749062A047A02EE
S31501203D1000064806447648272A057A0200064807FF
S31501203D20446770D84800D37670D05800C17618E71A
S31501203D30C3F0017570ABC2F0D15670F4C50FD176C0
S31501203D40C07666477A12002C70C0E09870D2C67F82
S31501203D5073F0580062442C05C07F7CE720397A1223
S31501203D60001204562A067A02FFF2483F780003D24F
S31501203D7018E3807071200000488B71600000490CA7
S31501203D804A0D4C0E638F71800004710000001908E2
S31501203D90D18071405800194AD180488600B68047A3
S31501203DA0820732E700048587869787A7835701B65E
S31501203DB02A057A020006033601C5701798007A0291
S31501203DC000060335446501D62A087A020006033621
S31501203DD0446501E62A097A0200060336446501F69E
S31501203DE02A0A7A0200060336446503462A007A0225
S31501203DF000060336446503062A047A0200060336C2
S31501203E00445618A980206C257CCA292E192980019F
S31501203E1020777A20FF8C188380B04805480E635C92
S31501203E20632D73F058004A80488700B780742A07AB
S31501203E307A12000C01C701D67800000801E701E6D5
S31501203E4044767CE502146C277CDF392E200520245C
S31501203E507A20FFDC50E300C82A077A12005448046E
S31501203E60480073E0E1211FFFC2904B8D73D05800AB
S31501203E7050A300CC7CC52214C176C2667CA5202E17
S31501203E806C157CBF2A2E7005A86A7A1200166C362C
S31501203E9046D62E77446700C77CBE2A1434E500C077
S31501203EA0200020B450E300C80D707A10FFC670D0F0
S31501203EB05800C17618E7C3F0017570ABC2F0D15630
S31501203EC070F4C50FD176C07666477A12002C70C081
S31501203ED0E09870D2C67F73F0580062442C05C07FEB
S31501203EE07CE720397A12001204562A067A02FFF25A
S31501203EF0483F7800024C50E300D074E6835F6205A8
S31501203F007007A8FF7A02000648057CA7337870C09F
S31501203F10580054E607E850E300D474E6835F62054F
S31501203F207007A8FF7A02000648057CA7337870C07F
S31501203F30580054E607EC50E300D874E6831F620567
S31501203F407007A8FF7A02000648057CA7337870C05F
S31501203F50580054E607F050E300E474E6835F6205F7
S31501203F607007A8FF7A0200064805445670E05800FB
S31501203F7054C707FC30C3011074C6C1CF54C70840CB
S31501203F8030C3011D74C6C1CF54C7088030C3011E7A
S31501203F9074C6C1CF54C701C030C3012874C6C10F2E
S31501203FA054C708C050E3012C74E682DF620570070E
S31501203FB0A8FF7A0200064805445670E0580054C707
S31501203FC008C830C3013874C6C1CF54C7028030C374
S31501203FD0014074C6C1CF54C702C050E3017C30C32F
S31501203FE001787007A8FF7A12001E74C6C10F70A04F
S31501203FF0580054C5018074E7815F640754E5018840
S315012040007800012A70E05800480654C7018054C739
S3150120401001887800011830C3023C2A067A1200165C
S3150120402070A05940C06518C6C4F974E70F7D44676E
S31501204030D07530E3023C2A077A12003070E05940ED
S31501204040C06765F6D067C36774C600272CC0508346
S31501204050024046044446D367C26774C6002750A36C
S31501204060024446054456D267480F780000D450E3EF
S31501204070018074E744EF70C058C0D07650E30188C0
S3150120408074E744EF70A05800D07530C3019474C60C
S31501204090F04358E3019674E7821F447650E3019872
S315012040A074E744EF446770C05900D07650E301901D
S315012040B054ED800450C301B474C6F04350E301ACFF
S315012040C074E744EF447650E301B06DF7447658E344
S315012040D001AA74E7821F446770C05840D07650E326
S315012040E001A454ED800850E301B854ED803430E347
S315012040F0011E74E7C1CF54E501C050E301C818E79A
S3150120410084FD23B77A11002070C0E1211CC6C21C90
S315012041106C277CE6382E7CC7321400B6000648167A
S3150120412079FFF716480679FFF71050E30234221774
S315012041307A01FEE622377A02FEFC79FFFEDC48038D
S3150120414079FFF3A501F3CD0100901AE1080C18219E
S31501204150803000047168E0001CEB1234546B123479
S315012041609447D2579C679D6748030004182106D0BF
S315012041700080DD017D8000261B8109205581001CE0
S31501204180013C014D9831D3417800348D70C8E0004F
S315012041901CC612348C769D764816D46118E7C8FF62
S315012041A07A1200F2480F73C8E0001FDE1234187D20
S315012041B0A800C26E7FE710707CE6382E2A077A1295
S315012041C00024C1672A267A12001CC067186180085C
S315012041D0C24700B600072A037A12000A9DFE7A1EFC
S315012041E000DC200F00CF8C7E0DF77A11FFC87800F6
S315012041F000A64827D47170E8E00030E712402A076C
S315012042007A1200C2480F73C8E0001FDE1234187DEF
S31501204210A800C26E7FE710707CE6382E2A077A1234
S315012042200024C1672A167A12001CC067186180080B
S31501204230C24700B600072A037A12000A9DFE7A1E9B
S31501204240004C200F00CF8C7E0DF77A11FFC8780025
S3150120425000744807D47173C8E0001FDE12342C0D98
S315012042607FE71070C26E7CE6382E2A077A1200107C
S31501204270C06718618008C24700B600072A0F7A1264
S31501204280004404DF00CF79FFFFDA73800104780050
S315012042900034480F70E8E0001FC7123450C71234AB
S315012042A07F8710707C66382E79FFF37D95CE2A03A1
S315012042B0013C7A12FF4079FFFF9C7380010379FF4D
S315012042C0FF947800332B01C3CD015181001C00904E
S315012042D01B8108207D8101201821803000040000E7
S315012042E022047A12002022047A10000C22247A1247
S315012042F000220004C07361A7D073C07361B7D07365
S315012043000004C07361A7D073C07365B7D07300046E
S31501204310C07365A7D073C07361B7D0730004000062
S31501204320182106F00080D501D3F1013FC07318E7AB
S31501204330C4F3D073481479FFFFABC07F61E7D07F08
S31501204340C07F61F7D07F4807D27FC5010090C3F1B6
S3150120435020F10004C07374E7F7BF22077A12000E1A
S3150120436022077A00001278000008C3330004C33301
S3150120437000E30004C33300C3000400002A057A12B7
S31501204380001A188484FF70DFE7F6651600B518E475
S31501204390000194767A20FFFA00040000182106F81D
S315012043A00080D301707FE7F6651379FFFFABC30168
S315012043B00090207100040000182106F00080D5012C
S315012043C01BC10908014E70FFE7F66517C07761E743
S315012043D0846448252A067A0200064805445773FF55
S315012043E0E7F6651FD07FC07F18E6C4F3C07E74E769
S315012043F0173B4467D07F01F3C24E79FFFEE7C07FAA
S3150120440061F78C6E4467D07FC47ED27F4803C50195
S3150120441000901BC1080820F100040000182106F0B5
S315012044200080D5011BC10908013E014F707FE7F6C7
S31501204430651379FFFEEF01E301F479FFFF7FC501E3
S3150120444000901BC1080820F1000400006C2350EDE8
S3150120445080607CC7182ED1467CE7182ED257480398
S3150120446000040000182106F00080D5011BC10908AF
S315012044707C67107050CD80607FC6382E187FC01F94
S31501204480707FE40A01F47800028B707FE40A01F45C
S31501204490780002892A0E7A120014C17E2A077A121E
S315012044A0000CC34EC23E00B70007C50100901BC1D8
S315012044B0080820F100040000182106F00080D5012B
S315012044C01BC10908013F187EC01F707FE40A01E461
S315012044D048057800022B6C2F50ED80607FE7F82E7F
S315012044E02A0F7A120036707FE40A01E47800022549
S315012044F0707FE40A01E478000223707FE40A01E474
S31501204500780001F54817D37FC17F2A077A12000C5C
S31501204510C34FC23F00B70007C50100901BC1080861
S3150120452020F10004182106D00080DD011AE1090CD2
S315012045302C807CFE0038481F42EF46F07FC8039648
S3150120454005E07C0040507D6000D07C0058387C001E
S315012045500034180084E07C18FC717A020116030CE1
S31501204560017D0169025F014A013B187EC01F707FF0
S31501204570E40A01E4780001C1707FE40A01E44805F8
S31501204580780001A1707FE40A01E403F5780001DDDA
S31501204590707FE40A01E4019578000255707FE40AF0
S315012045A001E44805480601D702D0780001DB222A1A
S315012045B07A11008E70E0E1211CE7C39C7F441070C4
S315012045C07CC7202E7CE63A1400B70006707FE40AE9
S315012045D001E44805780001A1707FE40A01E47FE542
S315012045E007747800021778000058707FE40A01E406
S315012045F07FE5077478000181707FE40A01E44805AC
S31501204600780001F97800003A00DF707FE40A01E4BE
S3150120461001F578000163707FE40A01E401F5780071
S3150120462001DB7800001C707FE40A01E4480578006C
S315012046300147707FE40A01E44805780001BF707FD5
S31501204640E40A01E401C578000163707FE40A01E40C
S31501204650481578000203707FE40A01E448157800C2
S3150120466001CF6C2B50ED80607CE7D82E4806D367AE
S315012046700183CD0100901AE1080C18218030000435
S31501204680182106F80080D3011864C01F707FE40A40
S3150120469048157800006B4803C3010090207100047F
S315012046A0182106F80080D3011864C01F707FE40A20
S315012046B048057800004B4803C3010090207100048F
S315012046C0182106F80080D30101451864C01F707FA8
S315012046D0E40A78000133C301009020710004000030
S315012046E0707FE40A000400004807D074CB73D174AC
S315012046F0000400003483001D000400002A057A12FC
S31501204700000A3483001800043483001900040000D1
S315012047103483001F000400003483001C00040000C1
S31501204720C073618763862A057A02000648064467B4
S31501204730D07300046C540443480754E3100854E32F
S3150120474010005CE310065CE3100454E3100C54E300
S3150120475010105CE310165CE3101454E310185CE3AC
S31501204760101E5CE3101C0004188480806C547CA30A
S31501204770212E000400E5188480806C540443B35331
S315012047800004000074C61E391908C0077CC6437888
S315012047906CB5446574E7456F445700E718848080FB
S315012047A06C540443B2730004C07367877A120032D3
S315012047B06C54044350E3100870F8E8007A02000EA6
S315012047C018A5C73F54A31008000450E3100874E746
S315012047D0002B74A505BF447554A310080004188442
S315012047E080806C540443D253000400006C5404436B
S315012047F054A310100004000000E56C5404435CA38C
S31501204800101600047C8728707CE33A1458E7101EA2
S3150120481070FFCFF748862A057A02000648064467C4
S315012048206C5404435CE3101E000400007C8728704E
S315012048307CE33A1458E7101E70FFCFFD48262A055F
S315012048407A020006480644676C5404435CE3101E52
S31501204850000400007C8728707CE33A1438E7101C9A
S315012048602A077A00002A6C54044358E3101C74A5C5
S3150120487005FF74E7002D44575CE3101C58E3101420
S3150120488074E7002D44755CA3101400046C54044392
S3150120489058E3101C74A5047F74E7002144575CE398
S315012048A0101C58E3101474E7002144755CA31014FE
S315012048B000040000182106F80080D301480379FF7F
S315012048C0FBA7C3010090207100040000182106F8FF
S315012048D00080D301481379FFFB8FC301009020711B
S315012048E000040000182106F80080D301482379FF2F
S315012048F0FB77C3010090207100040000182106F8FF
S315012049000080D301483379FFFB5FC30100902071FA
S3150120491000040000182106F80080D301484379FFDE
S31501204920FB47C3010090207100040000182106F8FE
S315012049300080D301485379FFFB2FC30100902071DA
S3150120494000040000182106F80080D301486379FF8E
S31501204950FB17C3010090207100040000182106F8FE
S315012049600080D301487379FFFAFFC30100902071BB
S3150120497000040000182106F80080D301488379FF3E
S31501204980FAE7C3010090207100040000182106F8FF
S315012049900080D301489379FFFACFC301009020719B
S315012049A000040000182106F80080D30148A379FFEE
S315012049B0FAB7C3010090207100040000182106F8FF
S315012049C00080D30148B379FFFA9FC301009020717B
S315012049D000040000182106F80080D30148C379FF9E
S315012049E0FA87C3010090207100040000182106F8FF
S315012049F00080D30148D379FFFA6FC301009020715B
S31501204A0000040000182106F80080D30148E379FF4D
S31501204A10FA57C3010090207100040000182106F8FE
S31501204A200080D30148F379FFFA3FC301009020713A
S31501204A3000040000182106F80080D301490379FFFC
S31501204A40FA27C3010090207100040000182106F8FE
S31501204A500080D301491379FFFA0FC3010090207119
S31501204A6000040000182106F80080D301492379FFAC
S31501204A70F9F7C3010090207100040000182106F8FF
S31501204A800080D301493379FFF9DFC30100902071FA
S31501204A9000040000182106F80080D301494379FF5C
S31501204AA0F9C7C3010090207100040000182106F8FF
S31501204AB00080D301495379FFF9AFC30100902071DA
S31501204AC000040000182106F80080D301496379FF0C
S31501204AD0F997C3010090207100040000182106F8FF
S31501204AE00080D301497379FFF97FC30100902071BA
S31501204AF000040000182106F80080D301498379FFBC
S31501204B00F967C3010090207100040000182106F8FE
S31501204B100080D301499379FFF94FC3010090207199
S31501204B2000040000182106F80080D30149A379FF6B
S31501204B30F937C3010090207100040000182106F8FE
S31501204B400080D30149B379FFF91FC3010090207179
S31501204B5000040000182106F80080D30149C379FF1B
S31501204B60F907C3010090207100040000182106F8FE
S31501204B700080D30149D379FFF8EFC301009020715A
S31501204B8000040000182106F80080D30149E379FFCB
S31501204B90F8D7C3010090207100040000182106F8FF
S31501204BA00080D30149F379FFF8BFC301009020713A
S31501204BB000040000182106E00080D901D7F148033E
S31501204BC079FFFB211881800879FFFB21480FC371EA
S31501204BD067F77A12000A01F379FFF8E1C3716817C2
S31501204BE0D371200F00CF23FF7A02FFE6C90100907F
S31501204BF0C7F121F10004000070E07000C07748067B
S31501204C00D06367D77A12007470C1010367577A128D
S31501204C10006A67E77A12000E4957D0734806780072
S31501204C20005A70E07000C07767677A12002467F730
S31501204C307A12001470C07000C07661F7D0764806EB
S31501204C40780000204927D07348067800002E67F7A0
S31501204C507A12001C70C07000C07661F7D0764816B3
S31501204C60C0732B277A02000A78000010481670A01C
S31501204C707000C07561D7D0750163000470DEE00055
S31501204C8018C6D1E070E07000D06748030004000028
S31501204C9022437A1100FE70E0E1211CE7C3AC6C23AC
S31501204CA07CC7182E7CE63A1400B7000649F3620742
S31501204CB04905780000F870607000C27318E6C007D5
S31501204CC0C253C27374A5EFBF74E7DF7F7CE53A1444
S31501204CD004676C1718C7B0202C0740676D07490376
S31501204CE04905780000C870A07000C26574C3C77FEB
S31501204CF0C26574C7AFBF7CC71A14C27574E79F7F9C
S31501204D007CE63A146C171867B0202C074037480305
S31501204D1049057800009870A07000C26574C3877F2A
S31501204D20C26574C76FBF7CC71A14C27574E75F7FEB
S31501204D307CE63A146C171867B0202C0740374803D5
S31501204D4049457800006870E07000C27774E74EBD6F
S31501204D5023E77A11004870E07000C27774E74EBDF0
S31501204D601867B0202C074037480349857800003E54
S31501204D7070E07000C27774E74EBD23F77A010028F0
S31501204D801867B0402C074037480349C57800001EF4
S31501204D904803480748057800001448032C0749852D
S31501204DA07800000A4803480749C570C070007C0690
S31501204DB0282E45707C06292E423446747CE6282E00
S31501204DC044477CE6292E7C66282E7C8318787CE352
S31501204DD000D046737C630034186384E069F30004D1
S31501204DE022437A11010870E0E1211CE7C3C46C2338
S31501204DF07CC7182E7CE63A1400B700067060700056
S31501204E00C453C27318E0C007C263C27374C6EFBF2E
S31501204E1074E7DF7F7CE63A1404076C1718E7B020A5
S31501204E202C067CC73C306D0746576907D07478003D
S31501204E3000BC70A07000C435C27574E7C77FC26517
S31501204E4074C6AFBF0476C27574E79F7F7CE63A14B9
S31501204E506C1718E7B0202C067CC73C304637D07437
S31501204E607800008A70A07000C535C27574E7877F07
S31501204E70C26574C66FBF0476C27574E75F7F7CE630
S31501204E803A146C1718E7B0202C067CC73C304637FD
S31501204E90D0747800005870E07000C667C27774E756
S31501204EA04EBD2C0523E77A11000A18E7B02040757C
S31501204EB07CA73038D0747800003470E07000C76762
S31501204EC0C27774E74EBD480523F77A01000C18E72F
S31501204ED0B0402C0540757CA73038D0747800000E80
S31501204EE070E07000C47769F7D074480300040000AD
S31501204EF0182106F0D3F1629522137A120134C004E7
S31501204F002A007A12005067F07A02002670A0E12169
S31501204F101CA5C48C4816489700B7026318E50204FD
S31501204F204607406722077A02002078000008716050
S31501204F3000007D6B107070E0E1211CE7C3DC7CA7CB
S31501204F40582E780000EC20067A20FFD248057800FA
S31501204F5000E0C1042A007A12005467F07A02002E7A
S31501204F6070A0E1211CA5C48C18A5802848B64897B5
S31501204F7000B718E502044607196684F67CE75C301B
S31501204F8022077A02001C7800000648A66C2670E0EB
S31501204F90E1211CE7C3DC7CA7302E78000094200693
S31501204FA07A20FFD2480578000088C2742A077A122F
S31501204FB0002C67F77A020012480567E77A12007219
S31501204FC049577800000649476C2770C0E1211CC665
S31501204FD0C3DC7CA6382E78000058C3F448052A0F76
S31501204FE07A12004E67FF7A02002C70A0E1211CA5DF
S31501204FF0C48C18A580584976495700B718E502048C
S3150120500046F7180684EA400722077A02001C780030
S31501205010000649666C2670E0E1211CE7C3DC7CA70B
S31501205020302E7800000C20067A20FFD4480570E047
S315012050307000C077482667B77A02013E67D77A1291
S31501205040000C2E372A077A02013070E07000C06703
S3150120505065D6D067C07770C1010167D77A12011A68
S3150120506022137A12010470607000C27318E0C0071F
S31501205070C263C27374C6EFBF74E7DF7F7CE63A145E
S3150120508004076C1718E7B0202C007C073C30C0645D
S315012050904667D074C26374DFC77FC26374C7AFBF6C
S315012050A07CC7FA14C27374E79F7F7CE63A146C17A7
S315012050B018E7B0207C073C30C1644667D174C273BF
S315012050C074E7877FC26374C66FBF0476C27374E7C1
S315012050D05F7F7CE63A146C1718E7B0207C073C30DA
S315012050E0C2044607D274C27374E74EBD23F77A1100
S315012050F0001C18E7B0202C067CC73C30C3644667E9
S31501205100D3744807D4747800001418E7B0402C06ED
S315012051107CC73C30C4644667D474C004C1347C6601
S315012051200378C2744476C3744476C4747CC73B79CD
S315012051307A02001C70E07000C06761D6D067C07724
S3150120514067D77A02002448067800002E6D004403B2
S3150120515070E07000DE37C264DF67C36454C7004065
S31501205160C46454C700442C07D07570C07000C07643
S3150120517065F7D07648060163C3F120F100040000EB
S31501205180182106D80080DB017D8000261B21090C11
S3150120519055810008013F015B0169017D2A04014E09
S315012051A07A1200622C0C7D87E000480A7A1E0008DC
S315012051B000BD00077FC014700DB07A01000601B052
S315012051C02A007A120034C07F0CC77A02001801A483
S315012051D07CFA005000B778000014C00F0CC07A1278
S315012051E0000CD0F948137800001E203F1BDE84FCFA
S315012051F020047A20FFE82A0E7A02FFB448037800B9
S3150120520000064803CB015181000800901B21080CA0
S315012052107D8101201821802800040000023370E0DE
S315012052207000C07767B77A12000E482318E0C809C4
S315012052307A0200AC2E67482322377A1200A22A0569
S315012052407A02000E480754EB00044803000470E07C
S315012052507000C03765B3D037C0777061010167B779
S315012052607A12007C7005A8807A1100107CA3147133
S315012052707A02000A780000504A03C076D07420349E
S31501205280203618A584FC1887C07F2A077A12003891
S3150120529048074FF07D2718507D2903A62A037A0255
S315012052A00020481300B378000018C036D0342034CB
S315012052B0203618A584FC7C8300397A12000A20073F
S315012052C07A20FFEA70607000C07365F7D073548B43
S315012052D0000054AB000454CB00084803000400002E
S315012052E0182106F80080D30101364807D07470E0F2
S315012052F07000C077480367B77A1200C67061010350
S3150120530067577A1200BC67C77A12001E67D77A12CE
S31501205310000E4967D0744803780000A64947D07427
S3150120532048037800009C70E07000C07767677A12A6
S31501205330005E67F77A12003E70A07000C07561F7B3
S31501205340D075C1562A057A12001C0163C046C26671
S3150120535079FFFECD2A037A02006870610103780085
S31501205360006070C07000C07661B7D07648037800BF
S31501205370005067D77A12000E4937D0744803780057
S3150120538000404917D07448037800003667F77A122F
S31501205390001270C07000C07661F7D07678000016D2
S315012053A067D77A12000C4937D0747800000849175C
S315012053B0D07470C07000C07661B7D0764813C3012F
S315012053C00090207100040000182106D80080DB011E
S315012053D07D8000261B21090C55810008013F015EB5
S315012053E0016B0179030C2A04014D7A1200661868B3
S315012053F0ACFF480A7A1E000800BC00077FA0147083
S315012054000DB07A01000601B02A007A12003AC07F57
S31501205410C05E0D757A02001A01A57CFA005000B70C
S3150120542078000016C04FC00E0D407A12000CD0F93C
S31501205430481378000020203F203E1BBD84FC200518
S315012054407A20FFE42A0D7A02FFAE4803780000068F
S315012054504803CB015181000800901B21080C7D8156
S315012054600120182180280004182106C80080DF01A8
S315012054701B21091C014F015C016A017B03096C2375
S315012054807168E0001D6B12447FCB182E7160E121FB
S315012054901D6BC65C7FAB182E01D378000EEF708092
S315012054A003000D3F7A0000927FE72070047EC25EE2
S315012054B048242A057A0200821BE6C01F4817426744
S315012054C023EF7A11000ADC7D78000016701FA83FB1
S315012054D07A11000ADB7D7800000854FD0074482704
S315012054E0D27E9C9E8B7C9D7EC17CD471C07CD371E7
S315012054F0887C34E10014897C34E100158A7C34E10E
S3150120550000168B7C2A077A12000C49C7D2717800C3
S31501205510000848C7D27101D301F418A1800801A659
S3150120552001B7710000007800152F01342A037A1281
S3150120553000084807D27E0143CF0100901B21081C99
S315012055401821803800040000182106E00080D901C6
S315012055501B410908014E015C016D6C2370E0E121BC
S315012055601CE7C65C7FE7182E70E8E0001CE71244B2
S315012055707F67182E01F378000E1370E003000D3EAD
S315012055807A000056C07F66277A12001ACD4F74849E
S315012055905E7920746824204470E003000D4E7A0160
S315012055A000387FC520707F5B2A14C26A48272A06E5
S315012055B07A0200264817D27A7F9B292E9CDA01F39C
S315012055C001E448157800117901372A037A12000A75
S315012055D04807D27A01370173C90100901B41080897
S315012055E021F10004182106E80080D7011BA1090C2E
S315012055F0013E7C66107070E0E1211CE7C65C7FA746
S31501205600302E70E8E0001CE712447FE7302E50FF71
S3150120561006142A077A02002601D348544805780041
S31501205620111F01D3486448057800111501D3487428
S3150120563048057800110B7800002CC27F22277A12A8
S315012056400024C0DF307F061079FFF059C07D66A7A0
S315012056507A02000AC16D6926D16D74E7873F34FD50
S3150120566000484807D07FC27F22277A1200284807A0
S31501205670D27F501F06002A007A12001A50FF061404
S315012056802A177A02001001E34874480501F600B092
S3150120569000078C7F2A077A120014C27F2A077A0212
S315012056A0000C187F8004780041BFC70100901BA120
S315012056B0080C217100040000182106F00080D50194
S315012056C0D3F1013F2A147A02002C7C67107070C82E
S315012056D0E0001CC612447CC6382E4837D27650E6E6
S315012056E006002A077A12000E00C34884480500B72F
S315012056F0000777E3063F79FFFEEFC5010090C3F16E
S3150120570020F10004182106E80080D7011BA1090C0D
S31501205710014D6C2370E8E0001CE712447FC7182E68
S3150120572070E0E1211CE7C65C7C67182E48057800ED
S31501205730100F7FBF20707FFEFA148C7F2A077A1202
S31501205740000C01F320337800411F4807D27FC7019F
S3150120575000901BA1080C217100040000182106E00D
S315012057600080D9011B61090C013E014C015B7C665D
S31501205770107070E0E1211CE7C65C7FA7302E70E82F
S31501205780E0001CE712447FE7302E50FF06142A174B
S315012057907A02003CC27F22277A020034CA7DCC6D70
S315012057A0466767A77A12002401D3780010CF4817DD
S315012057B0DC7D50FD008CCA7DCC6D466767A77A02D9
S315012057C0FFF401D37800109D4807D27FC27F482677
S315012057D02A077A0200A8C07D481666277A12009EFB
S315012057E04817D27F9CBFD0CF01D348644815780093
S315012057F00F4F01D34874481578000F4501D34854FB
S31501205800481578000F3B50FF061448062A177A02DE
S31501205810006C307F06107080E1201C8456B801E5AB
S3150120582079FFEC2D2A037A12000E4807D27F4816FB
S315012058307800004A307F0610482418BD8080C06F4A
S3150120584048277100001079FFECDF2A037A12000E37
S315012058504807D27F481678000024307F0610481466
S3150120586079FFEE61307F061079FFEE1948062A038B
S315012058707A12000A4807D27F48160163C9010090AF
S315012058801B61080C21F10004182106B8008054017F
S31501205890004C1B21092C013B014C015D7C661070DB
S315012058A070E0E1211CE7C65C7FE7302EC07F2A0726
S315012058B07A10001001F378000FC301F378000B2151
S315012058C0C17FC66D74C66CA561274467D17F01F37C
S315012058D078000AE901F378000FA301F378000B1988
S315012058E030FD00142A077A12035670C0E1211CE606
S315012058F0C1345086C134C157C267C377D641D75107
S31501205900D861D971C07F60E7D07F01F34824780040
S31501205910103701F3480418A18018481618E18008A9
S315012059207100000078001131C07F6547D07F50FF9C
S315012059300050640754FF0050C74DC85DC93DCA6D6C
S31501205940CB7D501F00501800C380541F0050501F9C
S3150120595000502FF344037484542B443474A52DB57D
S31501205960444574C6A855445674E782DF446754FFFC
S315012059700050CC4DCD5DCE3DCF6D50FD004053DF67
S315012059800C047018E0087010C31846E0541F0C046C
S31501205990501F0C042E7344037484546B443474A531
S315012059A02E35444574C6A097445674E7835F4467F1
S315012059B054FF0C0401F378000EABCC7F67F77A1203
S315012059C0FFFCCC7F65F7DC7F01F378000EAFC07F4B
S315012059D0614730DD00142A067A02028478000272B9
S315012059E0446754FF0050C07F30DD001474E7AFFFD9
S315012059F048130C677A020278CD7F613763352A0610
S31501205A007A02000648054457DD7FCD7FC37D2A27CC
S31501205A107A12000AC07F64E7D07F887D2A077A122E
S31501205A20001401F3C14D78000A8F01372A077A0243
S31501205A30023E50FD00442A177A020014C07F481303
S31501205A4066277A12022AC07F6507D07F50FD00445F
S31501205A502A077A02000AC07F6107D07F01F3C44D6D
S31501205A6078000F5501F3C04D7800135501372A07E9
S31501205A707A0201FCC07F67477A120084C74DC85D50
S31501205A80C93DCA6DCB7D501F00501800C380541FDD
S31501205A900050501F00502FF344037484542B443478
S31501205AA074A52DB5444574C6A855445674E782DFBE
S31501205AB0446754FF0050CC4DCD5DCE3DCF6D50FD9A
S31501205AC0004053DF0C047018E0087010C31846E03C
S31501205AD0541F0C04501F0C042E7344037484546BFE
S31501205AE0443474A52E35444574C6A097445674E7AC
S31501205AF0835F446754FF0C0478000034C74DC86D9A
S31501205B00C95DCA3DCB7DC10F74000439D10FC10FC8
S31501205B102E746D834434440474A5835F444574C64E
S31501205B209A99445674E7B2134467D17F01F3C34D62
S31501205B3078000E15C37D2A377A12000A01F3780000
S31501205B400D237F67107070C0E1211CC6C67C7C6660
S31501205B50382E73E39F807A12000878001A377F7FE8
S31501205B60107070E0E1211CE7C55C7C67F82E780097
S31501205B701A2370E0E1211CE7C53C7C67F82E7800EA
S31501205B801A1370E0E1211CE7C57C7FC7FA14480F80
S31501205B90735F7F807C7EF82E0CA37A120008780032
S31501205BA019F321FF701FA8E07A02FFEC1B5C800429
S31501205BB001AF480E480901F3480478003D5F2A03E6
S31501205BC07A1200222A0E7A120070480F01A3780059
S31501205BD03D6F200F20FA0DEF7A02FFF4481378006B
S31501205BE0008E989F480654DFFFFC7FC720707CFCFF
S31501205BF03A14D267200E20FF701EA8607A02FFBADF
S31501205C0050FD004454FC061430FD004834FC0610B7
S31501205C10480754FC060054FC060454FC060854FCB0
S31501205C20060C6C2B70E8E0001CE712447F87D92E06
S31501205C3048037800003A481378000034C07F614752
S31501205C40D07F50FF00506007480679FFFD96D07F30
S31501205C5050FF00506007480679FFFD886547D07FD1
S31501205C6050FF00506007620679FFFD785001004C15
S31501205C7000901B21082C182180480004182106E8D1
S31501205C800080D7016C2370E0E1211CE7C65C7C67AC
S31501205C90182EC175D471C075D3718A7534E1001679
S31501205CA0887534E10014897534E10015011548879A
S31501205CB018E5060848077100000078000D9BC7010A
S31501205CC00090217100040000182106F00080D50102
S31501205CD01BC10908014F7C6010707160E1211D6BA9
S31501205CE0C65C7FCB002E7100000079FFF77F2A0367
S31501205CF07A02000E01E301F4481578000A43C50132
S31501205D0000901BC1080820F100040000182106D8C4
S31501205D100080DB011BA1091C014F016D6C2370E082
S31501205D20E1211CE7C65C7FC7182EC175D471C075E9
S31501205D30D371887534E10014011548F718E5060872
S31501205D4001E378000ED32A037A02005A0115480787
S31501205D5018E5060801E301F401D678000EBB2A03F3
S31501205D607A0200420115484718E5060801E301F4C5
S31501205D7001D678000EA32A037A02002A1BE6C01F49
S31501205D804817426723EF7A11000ADC7E7800001655
S31501205D90701FA83F7A11000ADB7E7800000854FEA6
S31501205DA00074CB0100901BA1081C18218028000437
S31501205DB0182106E80080D7011BA1090C014D015EBF
S31501205DC06C2370E0E1211CE7C65C7FE7182E01F306
S31501205DD078000AA901F301D401E57800074701F308
S31501205DE078000A81C70100901BA1080C21710004CB
S31501205DF0182106F80080D301480679FFF74FC30121
S31501205E000090207100040000182106F80080D301BB
S31501205E10480579FFF94BC301009020710004000069
S31501205E20182106E00080D9011B410908013B7C6647
S31501205E30107070E0E1211CE7C65C7F47302E70E8C8
S31501205E40E0001CE712447FC7302E2A0E7A12003654
S31501205E5050FE06082A077A12002C01A3631448056E
S31501205E60780009AD01A363544805780009A301A36D
S31501205E70634448057800099901A36304480578001D
S31501205E80098F7F67107070C0E1211CC6C67C7C66B5
S31501205E90382E73E39F807A120008780017277F7FB8
S31501205EA0107070E0E1211CE7C55C7C67F82E780054
S31501205EB0171370E0E1211CE7C53C7C67F82E7800BA
S31501205EC0170370E0E1211CE7C57C7FA7FA14480F70
S31501205ED0739F7F807C7DF82E0CC37A120008780090
S31501205EE016E321FF701FA8E07A02FFECC07A2A0789
S31501205EF07A10004A01A37800098301A3780004E1FE
S31501205F007800003A01F378003A372A037A1200061C
S31501205F1001CD20FF0DEF7A02FFEE2A0D7A02003421
S31501205F2078000006480D6C2B480670E8E0001CE757
S31501205F3012447CC7D92E7800001A2A0E7A12FFE85D
S31501205F401BFE80041FDE0604480D481C79FFFFB89E
S31501205F5001D3C90100901B41080821F1000400006A
S31501205F60182106900080540100741B4109587C6653
S31501205F70107070E0E1211CE7C65C7FC7302E70E807
S31501205F80E0001CE712447FA7302ECA7ECC6E4667FE
S31501205F902E17480F4E0600B67800004E200F23EF2D
S31501205FA07A110016CA7ECC6E46671BE6C01F406773
S31501205FB02E1778000030701FA83F7A110016C97E6F
S31501205FC0CB6E46671BE6C01F40672E17780000166A
S31501205FD050FE006C50DE007446671BE6C01F40670A
S31501205FE02E177A30000A67F77A12FFB42A077A1237
S31501205FF0024E013AC07E66277A120094226F7A11E8
S31501206000008E224F7A020044C27D22077A020200C4
S3150120601001E3C04D780008C14A07DC7E4807D27DDE
S3150120602050FD06002A077A12001001A348144805DC
S3150120603001D600B70007C27D2A077A0201D201A341
S3150120604079FFF5A5780001C8225F7A0200204C0766
S31501206050DC7E50FD06002A077A1201B44824480541
S3150120606001D600B70007780001A6226F7A020096B2
S315012060706387DC7E50FD06002A077A120192483496
S31501206080480501D600B70007780001847FFB207000
S315012060907F9DDA14C27C22077A02006A01E301F4A9
S315012060A078000C5901E301F47CBDD82E78000C65EB
S315012060B0C27E1BE6C01F4817426723EF7A11000AEA
S315012060C0DC7E78000016701FA83F7A11000ADB7E5D
S315012060D07800000854FE00744807D27C50FD060063
S315012060E02A077A12001001A3480401F501D600B748
S315012060F00007C27C2A077A02000C01A301F479FF6A
S31501206100F6077FE720707CFD3A14C27722177A02C0
S3150120611000B07FFC20707F9DE2148D7C2A077A12C5
S31501206120005001E301F478000BD301E301F418A137
S31501206130800878000BDFC27EC27174E7473F2237A1
S315012061407A0200541BE6C01F4817426723EF7A11D3
S31501206150000ADC7E78000040701FA83F7A11000AF1
S31501206160DB7E7800003254FE00747800002A1BE69C
S31501206170C01F4817426723EF7A11000ADC7E780098
S315012061800016701FA83F7A11000ADB7E78000008EE
S3150120619054FE00744807D27C50FD06002A077A1265
S315012061A0001001A3484401F501D600B70007C27CBF
S315012061B02A077A02000C01A301F479FFF54B23EF9C
S315012061C07A110018CA7ECC6E2FFF466740F767F713
S315012061D07A02006678000068701FA83F7A110018BD
S315012061E0C97ECB6E2FFF466740F767F77A020034E8
S315012061F07800004C50FE006C50DE00742FFF46677D
S3150120620040F767F77A020026780000347FE720708E
S315012062107CFD3A14C27722177A02FFAC79FFFEF68B
S31501206220481742F7DB7E78000016481742F754FEDE
S3150120623000747800000A481742F7DC7E500100748A
S3150120624000901B410858182180700004182106F07F
S315012062500080D501D3F17C66107070E0E1211CE746
S31501206260C65C7FE7302E70E8E0001CE712447CA76D
S31501206270302E50E506082A077A12000A489400B7FC
S31501206280000701F378000631C5010090C3F120F122
S3150120629000040000182106E80080D7011BA1090C83
S315012062A07C66107070E0E1211CE7C65C7FE7302E2A
S315012062B070E8E0001CE712447FA7302EC07F6717E5
S315012062C07A120058013E50FF0B0866E77A12002227
S315012062D050FF0B0864E754FF0B0850FD06002A0700
S315012062E07A12000E4854480501D600B7000750FF20
S315012062F00B0866F77A12002450FF0B0864F754FF47
S315012063000B0850FD06002A077A12001001E34864A3
S31501206310480501D600B70007C70100901BA1080C4C
S31501206320217100046C2370E8E0001CE712447CE72D
S31501206330182E5487060054A70604000422737A01F6
S315012063400048186384F77467063F22577A1100388C
S3150120635070E0E1211CE7C69C746315BB7CC7182E2F
S315012063607CE63A1400B7000648C30004490300043A
S3150120637049430004498300044A0300044B030004F3
S315012063804C030004480300044806480070A0E1219C
S315012063901CA5C7207080E1211C84C740488700B70F
S315012063A07CE6282E0C377A0200087C06202E203621
S315012063B07A20FFF001030004C07366B77A12001E2B
S315012063C0C0736007D073C0736017D073C073603712
S315012063D0D073C07366477A02FFFC0004C0732A0794
S315012063E07A100012C0736407D073C07366B77A122D
S315012063F0FFFC0004182106F00080D501D3F1013FEE
S31501206400C0736467D073C07F66677A02FFFCC07F62
S315012064106537D07F01F379FFFF7318DF80807C64B5
S3150120642010717A12001C48057C87107018E784FCCD
S315012064306827200700B7D05620367A20FFFC1CDFBC
S3150120644008802A037A120052016704464805D0576C
S3150120645020370D677A02FFFA2C07D47FD57FD67FA6
S315012064604806DA6FDC7F23F37A01000C4807D97FCF
S315012064702C07DB7F7003A8407A010010480754FFE0
S31501206480006C2C0754FF007470E0E03B18E7D0063F
S31501206490D87F780000162C07D47FD57FD67F480673
S315012064A0DA6FDC7F79FFFFE4C5010090C3F120F1AB
S315012064B000040000182106F00080D5011BC109083F
S315012064C0013F014E79FFFEC50137C03F7463AFFF1F
S315012064D02A037A020042C06F6426D06FCD6F77DE21
S315012064E0C10F18C6C7F044E6DD6F2C0654DF0048FD
S315012064F074E6043F2A067A12001E48052DD47CE54F
S31501206500305000B71CE502206C277C9F392E2005D0
S315012065107A20FFF4C50100901BC1080820F1000470
S3150120652018E380E0CD6374C6473F22247A11020E18
S315012065307160E1211D6BC6B86C247C8B202E7D6495
S315012065405A147D6903A60006C0431884C5FCD043AE
S3150120655020067CC418717A1201E4203562032DE0ED
S315012065607C86187018C684F86836200600B630C5B1
S31501206570FFFC18C694FF7CC631107C6630783085C6
S31501206580FFFD2A047A1200146416C0456C144604D1
S315012065900446D0677800000EC04574849899044655
S315012065A0D067207520377A20FFC80004C04318849D
S315012065B0C5FC6574D04320067CC418717A12017E0D
S315012065C020B5712000007170E00071400000194A69
S315012065D0D1807C86207018C684F06846200600B6D5
S315012065E0015430C5FFF418C694FF7CC631107D6670
S315012065F030783005FFFC03132A007A1200060323A4
S315012066003004FFF52A007A12001664165004FFF8AA
S315012066107400089F0406D067780000105004FFF824
S31501206620740098990406D06730C4FFFD2A067A12B1
S315012066300018C0676513C04474848CBF0443446347
S31501206640D03778000012C067C04474841CB9044353
S315012066504463D037203720F57A20FF880004C043D1
S315012066601884C5FC6564D04320067CC418717A124F
S3150120667000CC21B57C86287018C684E06856200691
S3150120668000B601563085FFE52A047A120016C03776
S315012066905085FFE87484180F4434D04778000012DF
S315012066A0C0375085FFE87484A80F4434D04730861C
S315012066B0FFED2A047A120016C0375086FFF0748443
S315012066C0DA1F4434D04778000012C0375086FFF0D5
S315012066D074846A1F4434D0473086FFF52A047A121F
S315012066E00016C0375086FFF874849C2F4434D04757
S315012066F078000012C0375086FFF874842C2F44345A
S31501206700D0473086FFFD2A047A120014C047C0669E
S3150120671074C65E3F4446D06778000010C047C06605
S3150120672074C6EE3F4446D067203721F57A20FF56BE
S315012067300004C07318E7D103D07300040136C07377
S3150120674018E7C07F706003000D477A1000C07800FB
S3150120675000942A057A120018CA764407DA7618E4D4
S3150120676084E023E77A01002C7800008CCA7645075D
S31501206770DA7618E484E023E77A01002A7800008497
S3150120678018E484E023E77A11002E2A057A120016EE
S31501206790C9764407D9767004A83F7A11002A48039E
S315012067A00004C9764507D9767004A83F7A110026D8
S315012067B04803000448037004A83F7A0100502A05C3
S315012067C07A12001250E6006C44705406006C48039D
S315012067D0000450E6006C7CE000785406006C480307
S315012067E000041887C01F4810427023E47A01FF660F
S315012067F079FFFF907004A83F7A11FFCC480300046B
S315012068007004A83F7A11FFCE480300042A057A12A4
S31501206810002C1CE4FC0018E7CDFB7A02000AC073A9
S3150120682064A7D0737104A8007A02000ACD736407A5
S31501206830DD73C1734474D1430004C1734547D173D9
S315012068407104A8007A02000ACD736007DD73C17353
S3150120685070E1CC007A02000AC07360A7D0730004ED
S31501206860C0736037D073C0736017D073C0736677F7
S315012068707A02FFFC00040000C0736417D073C07352
S315012068806437D073C07348162A077A00000CC07388
S315012068906007D0734806C07366777A12FFFC2A0612
S315012068A07A020012C0736407D073C07366B77A1276
S315012068B0FFFC0004C86370E0E03B18E7D0067CC704
S315012068C038397A12000E70E0E03B18E7D006D8730B
S315012068D000040000182106E80080D7011B81090861
S315012068E0013C014D1BE380881BC480085063008056
S315012068F07463873F79FFFA49347D004850FC008054
S31501206900D07D66A77A12000E50FC0084D17D7800D6
S31501206910000C50FC00846927D17D01342A037A12A8
S31501206920001A480718E6C4FC7CBF302E7CBE312EE7
S3150120693020370D477A10FFF0C70100901B81080808
S3150120694021710004182106F80080D30122347A111E
S31501206950005E70E0E1211CE7C6C86C247CC7202EAE
S315012069607CE63A1400B7000679FFFF117800004053
S31501206970C0736407D07378000036C0736087D07304
S31501206980C17361C7D173C1736137D1737800002098
S31501206990C17365C7D17378000016C1736537D1738A
S315012069A0C17361C7D173C07360E7D073C30100900F
S315012069B020710004C07367477A12002850E30C0047
S315012069C018E7C6FC7C868070446718E7C6E77C8694
S315012069D09870446718E7C63F6D64447454830C006D
S315012069E000040000C073488667477A12001250E3FC
S315012069F00C0074E787BF20274816427674C3063FEA
S31501206A0000040000182106F00080D5011BC10908E9
S31501206A10013E014F79FFFFD120737467063F6365FD
S31501206A207CA53B9674A6063F7CBF3396055607F692
S31501206A3068277C8639D67CA738707CE43A1421F7FE
S31501206A407CE310707C7E1A14C50100901BC10808D6
S31501206A5020F10004182106D80080DB011B21090C36
S31501206A60013D014B015F016A017C030979FFFF9911
S31501206A70013EC07D18E7C07F0D7B7A11015C78004D
S31501206A800168CD7D706003007800017CC07D674779
S31501206A907A1200168E7F2A077A12000E50FD0C00FC
S31501206AA0640754FD0C00C27F74E6063F2C8B7006EA
S31501206AB0A8407A11001070A0E1211CA5C6DC7F65D3
S31501206AC030AE7763063F2A0C7A12007218E7CCFCA7
S31501206AD07A12002848041885C4FC18E580087CDC55
S31501206AE0282E7CDE392E2034C20F1800C4FC0D401E
S31501206AF07A11FFE6780000064804C2DF0DD47A0039
S31501206B00001A18E480087CDC20AE7CDE39AE200435
S31501206B10C2DF0D4D7A11FFEE79FFF8250DD37A01EB
S31501206B20001C207D18E380087CBEEA1406D700B736
S31501206B308D7F907520057A20FFFA4807D07ED17E79
S31501206B40C17F48062A177A020018C17E18E7C3E0DA
S31501206B50D17EC16E1B47C71F4467D17E62A6C17F06
S31501206B602A077A020018C17E74E70385D17EC17E89
S31501206B70775A90DB447AD1AE4806777B831F446BE4
S31501206B80C07F22E77A12004C23B77A02000A64BB3F
S31501206B907800000C2A097A12000664BB1B7BC7F019
S31501206BA08C6F2A067A12001074E7C10F6407447BA2
S31501206BB07800000A74E7C10F447B8E7F2A077A1278
S31501206BC00006641BC07E447BD0BE48037800003893
S31501206BD0480378000032C07D7060030066277A1270
S31501206BE0002679FFFEA0C07D66277A12FEA2CD7D02
S31501206BF074E75E79207768272047706003000D7B54
S31501206C007A11FE8CCB0100901B21080C18218028BB
S31501206C1000040000182106E80080D7011B8109081D
S31501206C20013F014D015E016C79FFFDDD0137C00F8A
S31501206C301800C07F0D0D7A11008878000094CD7F51
S31501206C4070600300780000A84806D067D167C16E3E
S31501206C502A167A020022C06764A6D067C0676096AA
S31501206C60D067C16718C6C3E0D167C1571B86C71F46
S31501206C704456D167C16E2A067A02001EC06718C61D
S31501206C80C69FD067C16774C60385D167C167779CE4
S31501206C9090DB446CD1C7C06E2AF67A12001EC067FB
S31501206CA018C6C7F0D067C057C06E74C6C10F445608
S31501206CB0D067480378000038480378000032C07F47
S31501206CC07060030066277A12002679FFFF74C06F71
S31501206CD066267A12FF76CD6F74C65E79207668268F
S31501206CE02046706003000D6D7A11FF60C701009088
S31501206CF01B81080821710004182106F80080D301A0
S31501206D0079FFFD05C073C3010090207100040000C6
S31501206D10182106E00080D9011B61090C013B015DA8
S31501206D2079FFFCE5013F1B9D8008C0337463873FD3
S31501206D3079FFF60D013E01B379FFFCAD0D3E7A01D7
S31501206D40000C01B379FFFCA1013E37DD0048C07F6D
S31501206D50D07D66A77A12000CC17FD17D7800000A0A
S31501206D60C17F6927D17D1BC5CCFC7A120024480737
S31501206D7018E6C0FC188680087C9F202E7C9C312E2C
S31501206D80203700C70D577A10FFEA7800000648071A
S31501206D900D7E7A01001C18C780087C9F30AE7CDDF1
S31501206DA03A149846200700C70DE77A02FFECC9017D
S31501206DB000901B61080C21F100040000182106D85F
S31501206DC00080DB017D8000261B4109105581000CC6
S31501206DD0013C014B79FFFC11013F1BDB84FF01C301
S31501206DE001E479FFFC2301FA04F31BE380081CDC90
S31501206DF0068070E003000D6F7A11007E01C379FFD2
S31501206E00F58B70E003000D3B7A11006E7800004E81
S31501206E102A0B7A120042480E480D187AA800207AC9
S31501206E20480F01C379FFFBE1D0D3D1D37A1E0016D7
S31501206E3018E3800818DA84F800B690F720077A203C
S31501206E40FFFC200E00CE01E40DEB7A11FFD8480796
S31501206E5078000026480778000020C07C1BDEC07F12
S31501206E6018E7C480447ED0ECC07C74E41FFF2A045A
S31501206E707A12FFA048070173CB015181000C0090C3
S31501206E801B4108107D810120182180280004000063
S31501206E90182106F80080D301480379FFF3B3C30113
S31501206EA00090207100040000182106F80080D3010B
S31501206EB0480379FFF39BC301009020710004000071
S31501206EC0182106F80080D301480379FFF3CBC301CB
S31501206ED00090207100040000182106F80080D301DB
S31501206EE0480379FFF07FC301009020710004000060
S31501206EF0182106F80080D301480379FFF067C30102
S31501206F000090207100040000182106F80080D301AA
S31501206F10480379FFF04FC30100902071000400005F
S31501206F20182106F80080D301480379FFF037C30101
S31501206F300090207100040000182106F80080D3017A
S31501206F40480379FFF01FC30100902071000400005F
S31501206F50182106F80080D301480379FFF007C30101
S31501206F600090207100040000182106F80080D3014A
S31501206F70480379FFEFEFC301009020710004000060
S31501206F80182106F80080D301481379FFF2C3C30103
S31501206F900090207100040000182106F80080D3011A
S31501206FA0481379FFF2ABC301009020710004000061
S31501206FB0182106F80080D301481379FFEFA7C301F2
S31501206FC00090207100040000182106F80080D301EA
S31501206FD0481379FFEF8FC301009020710004000050
S31501206FE0182106F80080D301481379FFEF77C301F2
S31501206FF00090207100040000182106F80080D301BA
S31501207000481379FFEF5FC30100902071000400004F
S31501207010182106F80080D301481379FFEF47C301F1
S315012070200090207100040000182106F80080D30189
S31501207030481379FFEF2FC30100902071000400004F
S31501207040182106F80080D301481379FFEF17C301F1
S315012070500090207100040000182106F80080D30159
S31501207060482379FFF1EBC301009020710004000051
S31501207070182106F80080D301482379FFF1D3C301F3
S315012070800090207100040000182106F80080D30129
S31501207090482379FFEECFC301009020710004000040
S315012070A0182106F80080D301482379FFEEB7C301E2
S315012070B00090207100040000182106F80080D301F9
S315012070C0482379FFEE9FC301009020710004000040
S315012070D0182106F80080D301482379FFEE87C301E2
S315012070E00090207100040000182106F80080D301C9
S315012070F0482379FFEE6FC301009020710004000040
S31501207100182106F80080D301482379FFEE57C301E1
S315012071100090207100040000182106F80080D30198
S31501207120482379FFEE3FC30100902071000400003F
S31501207130182106F80080D301483379FFF113C301E2
S315012071400090207100040000182106F80080D30168
S31501207150483379FFF0FBC301009020710004000041
S31501207160182106F80080D301483379FFEDF7C301D2
S315012071700090207100040000182106F80080D30138
S31501207180483379FFEDDFC301009020710004000030
S31501207190182106F80080D301483379FFEDC7C301D2
S315012071A00090207100040000182106F80080D30108
S315012071B0483379FFEDAFC301009020710004000030
S315012071C0182106F80080D301483379FFED97C301D2
S315012071D00090207100040000182106F80080D301D8
S315012071E0483379FFED7FC301009020710004000030
S315012071F0182106F80080D301483379FFED67C301D2
S315012072000090207100040000182106F80080D301A7
S31501207210484379FFF03BC301009020710004000030
S31501207220182106F80080D301484379FFF023C301D2
S315012072300090207100040000182106F80080D30177
S31501207240484379FFED1FC30100902071000400001F
S31501207250182106F80080D301484379FFED07C301C1
S315012072600090207100040000182106F80080D30147
S31501207270484379FFECEFC301009020710004000020
S31501207280182106F80080D301484379FFECD7C301C2
S315012072900090207100040000182106F80080D30117
S315012072A0484379FFECBFC301009020710004000020
S315012072B0182106F80080D301484379FFECA7C301C2
S315012072C00090207100040000182106F80080D301E7
S315012072D0484379FFEC8FC301009020710004000020
S315012072E0182106F80080D301485379FFEF63C301C3
S315012072F00090207100040000182106F80080D301B7
S31501207300485379FFEF4BC301009020710004000020
S31501207310182106F80080D301485379FFEC47C301B1
S315012073200090207100040000182106F80080D30186
S31501207330485379FFEC2FC30100902071000400000F
S31501207340182106F80080D301485379FFEC17C301B1
S315012073500090207100040000182106F80080D30156
S31501207360485379FFEBFFC301009020710004000010
S31501207370182106F80080D301485379FFEBE7C301B2
S315012073800090207100040000182106F80080D30126
S31501207390485379FFEBCFC301009020710004000010
S315012073A0182106F80080D301485379FFEBB7C301B2
S315012073B00090207100040000182106F80080D301F6
S315012073C0486379FFEE8BC301009020710004000011
S315012073D0182106F80080D301486379FFEE73C301B3
S315012073E00090207100040000182106F80080D301C6
S315012073F0486379FFEB6FC301009020710004000000
S31501207400182106F80080D301486379FFEB57C301A1
S315012074100090207100040000182106F80080D30195
S31501207420486379FFEB3FC3010090207100040000FF
S31501207430182106F80080D301486379FFEB27C301A1
S315012074400090207100040000182106F80080D30165
S31501207450486379FFEB0FC3010090207100040000FF
S31501207460182106F80080D301486379FFEAF7C301A2
S315012074700090207100040000182106F80080D30135
S31501207480486379FFEADFC301009020710004000000
S31501207490182106F80080D301487379FFEDB3C301A3
S315012074A00090207100040000182106F80080D30105
S315012074B0487379FFED9BC301009020710004000001
S315012074C0182106F80080D301487379FFEA97C30192
S315012074D00090207100040000182106F80080D301D5
S315012074E0487379FFEA7FC3010090207100040000F0
S315012074F0182106F80080D301487379FFEA67C30192
S315012075000090207100040000182106F80080D301A4
S31501207510487379FFEA4FC3010090207100040000EF
S31501207520182106F80080D301487379FFEA37C30191
S315012075300090207100040000182106F80080D30174
S31501207540487379FFEA1FC3010090207100040000EF
S31501207550182106F80080D301487379FFEA07C30191
S3150120756000902071000400002A057A1200167C671B
S31501207570107070C8E0001CC600007CE6382ED0755D
S315012075806C2370E8E0001CE700007C87192E0004BC
S315012075907CDE42A66307406718E6C9E07A1200201E
S315012075A06C1373E3940458E3006018E5C80F7A025C
S315012075B0000648157CA733785CE3006000040000D0
S315012075C07CDE42A66307406718E6C9E07A12001CF2
S315012075D06C1373E3940458A3006074A700254567D0
S315012075E02EF544755CA300600004000050ED806414
S315012075F02A077A01001E50ED806418E784FF54EDB6
S31501207600806450ED80642A077A1100087C00814647
S31501207610000400007C00014650ED8064200754EDF3
S31501207620806400046C1373E3940458E3006074E7E8
S3150120763000252EF444475CE300600004182106E887
S315012076400080D7011BA1090C2A037A12001C013DD7
S31501207650014F480E01F37800008B200E1BFF80841A
S315012076600DDE7A02FFF24803C70100901BA1080C28
S3150120767021710004A0631884B00F00E470FF7FFE1F
S315012076807CE7223046672E154245447500E5B05306
S315012076900004000048007160000071400000194A92
S315012076A0D180488700B71920B00F7C8500307CA592
S315012076B050387CA54C307C86063018C7C0017CE644
S315012076C048307CA733787D6B3B78756B043F20006F
S315012076D07A20FFD6A0737D6B3A785D6300000004A3
S315012076E0C273480422177A12000C74E78B9D18E4A2
S315012076F0D201CA03C353C76374C7E087C66374C67E
S31501207700BA11447618A7C00F4467C86374C6935B41
S315012077104467C56374C6B2534467C96374C6C1CF8F
S3150120772044767407C98D4467CB6374C69B19446735
S3150120773044742A057A0200CC22007A0200C65163DB
S31501207740001058CB0000C15300252EF5701F7FFE77
S315012077507C072A307CC0383830C3008018C7C00166
S315012077604257440700E75CEB00007800009618E5D5
S31501207770020422F77A12001618E6C00FC043C87514
S315012077801CE702906C277CC4392E7A20FFE430C393
S3150120779000704817426750C300742A067A120058AF
S315012077A061E622067A020010C053CA654476DA657C
S315012077B07800000CC053CA654576DA6550C300745B
S315012077C018C684FE22067A110010C053CC65447671
S315012077D0DC657800000CC053CC654576DC65C0536A
S315012077E0C8654576D865C063D476C053C6654467F7
S315012077F0D6750004C063C6567CA73878D6760004B1
S31501207800C063C17318E780906C277C86392ECB73B1
S315012078102A177A02001018A3802C488700B779FF0F
S31501207820FF500004182106F80080D301706840003B
S3150120783049047800000FC301009020710004000064
S315012078402A047A12002A4806480548107CE6205068
S3150120785000B77CC720707CE33A1454A7010854A7CB
S3150120786001005407010C20067A20FFEA480754E359
S3150120787000F854E300F0481754E300FC4867D0733E
S315012078800004000048030004182106E80080D701FF
S315012078901B810908013C014F015E016D79FFFFE95A
S315012078A07C6710701CAD80787C05382E7C6718703B
S315012078B01CAD80687CE538AE2A077A1200202A0E94
S315012078C07A12001A7C6418707C852214C1742007F0
S315012078D074E708BD067E1BDE84FB220F7A12003474
S315012078E0220F7A10001C223F7A02003601C3481467
S315012078F077C5063F01D600B000077800002401C3F2
S31501207900480477C5063F01D600B00007780000126B
S3150120791001C3480477C5063F01D600B00007C70159
S3150120792000901B8108082171000400001821069887
S3150120793000805401006C1BA1095C0136C073481DEF
S315012079402A077A0200ECC15330ED80742A077A02A5
S31501207950000E54AD8070481734ED8074480734ED1D
S315012079608068C174C0540457D271C254D55130A411
S31501207970001034A1001CC554D651C754DA51C8543D
S31501207980DB51C954DC51C654D951CA54DD51CC54AA
S31501207990DF51CD5454A10040CE5454A10044CB54C0
S315012079A0DE51CF5454A10048C354D85150A40040AD
S315012079B02A057A120034481034010010C055D351DB
S315012079C048033461005048035461004C2057186520
S315012079D08001746308BD0437D271340D806854ADBB
S315012079E0806C78000016480734E100104807D371EF
S315012079F034E1005054E1004C014F016E8736708806
S31501207A00E0001C84126418A1800879FFDE7F2A0316
S31501207A10013D7A02001C30ED80682A077A12001295
S31501207A2050FF0040873EC147C25779FFE38701D304
S31501207A305001006C00901BA1085C1821806800048D
S31501207A40182106F00080D501D3F10136C073481301
S31501207A502A077A020024016F873679FFE3C72A03B2
S31501207A607A020016C17F50CD80700C677A02000A17
S31501207A70480734ED8074C5010090C3F120F100045C
S31501207A80182106D80080DB011BA1091C0136014EF5
S31501207A90015FC07348132A077A02007EC1D601D33B
S31501207AA079FFFDE5C17FD2714887D371807F34E1AB
S31501207AB00010827F34E10011817F34E100124807F2
S31501207AC034E100137C6628707C673870066704E70A
S31501207AD06C2770C8E0001CC6187C7FE6392E7C67AF
S31501207AE018701CCD80687CE638AE2A077A120018F9
S31501207AF0204E7C67187001630473C173200774E7F5
S31501207B0008BD047E77A3063F77C4063F18A18008E7
S31501207B10480679FFE16BCB0100901BA1081C1821B7
S31501207B2080280004182106D80080DB011B81091852
S31501207B300233014E015F016DC07348132A077A0291
S31501207B400088538B000401C379FFFD3DC17FD271AB
S31501207B50807F4C062A077A0200064886D36134E1E3
S31501207B600010827F34E10011817F34E10012887F89
S31501207B7034E100137C6728707C653870075704E769
S31501207B806C2770A8E0001CA5187C7FE5392E7C6740
S31501207B9018701CCD80687CE638AE2A077A12001848
S31501207BA07C67187001630473C173200774E708BDED
S31501207BB0047E204E7783063F77C4063F18A18008AE
S31501207BC001D679FFE14BCB0100901B8108181821C2
S31501207BD080280004182106D80080DB011BA1091C7E
S31501207BE00233014E015FC06348132A067A020086DA
S31501207BF053AB000401D379FFFC8F7C6728707C6628
S31501207C003870067604E66C2670E8E0001CE7187CDE
S31501207C107CC7302EC176D27130FF0048D371807671
S31501207C2034E10010827634E10011817634E10012CC
S31501207C30887634E100137C6718701CCD80687CE659
S31501207C4038AE2A077A1200187C671870016304730C
S31501207C50C173200774E708BD047E204E77A3063F33
S31501207C6077C4063F18A18008C16F18FF800879FFE5
S31501207C70E05BCB0100901BA1081C18218028000481
S31501207C80182106E80080D7011BA1090C0136014FF6
S31501207C90015EC07348132A077A020056C1D601D362
S31501207CA079FFFBE57C6718701CCD80687CE638AED1
S31501207CB02A077A12002E2A0F7A02001277A3063F8C
S31501207CC001E479FFE147780000287C6718701C6D74
S31501207CD080680473C173200774E708BD047F204FB1
S31501207CE077A3063F77E4063F01E579FFE107C70160
S31501207CF000901BA1080C217100040000182106E840
S31501207D000080D7011BA1090CC07348162A077A02E5
S31501207D100042015E014F2A047A12002EC1D301D3FB
S31501207D2079FFFB656C231CED80787FE7192E77A3FD
S31501207D30063F7080E1201C84788801E579FFE5E91A
S31501207D4048067800000E8733480479FFE5DB4806AC
S31501207D500163C70100901BA1080C217100040000DA
S31501207D6018E38008D1732C06D263D373D4734807E2
S31501207D70D07300044807D47300040000C173D17482
S31501207D80C267D264C267D146D247D434C0732007B2
S31501207D90D0730004C00418A3800873E09FFF7A0201
S31501207DA0000CC453780000100165C165C0760D70C2
S31501207DB07A00FFF8C175D174D247D254D145D43453
S31501207DC0C0732007D0730004C473C163C253D25653
S31501207DD0C263C153D156C1670D367A020008C26605
S31501207DE0D1674806D463C06718C684FFD067C037F9
S31501207DF000040000182106F00080D501D3F1013FCF
S31501207E0078001851CEFF7800187B7FE30034685341
S31501207E10C5010090C3F120F10004182106E8008075
S31501207E20D7011BA1090C013F015DCEE350A3004000
S31501207E302A057A02001CC07348032A077A02006EBB
S31501207E40C13F780013EF4807D17F780000602A0DE3
S31501207E507A020026C23378003D9DC27F50DF004062
S31501207E600467D27FC16F48030D677A100040C07F37
S31501207E70D27F78000038C33378003D7B50DF004045
S31501207E800036C37F0467D37FC05F0D577A00000C8D
S31501207E90C17F7CC73214D36F48032A2D7A02000E84
S31501207EA02A0E7A1200081BDE84FF200EDEEFC701A0
S31501207EB000901BA1080C217100040000182106E87E
S31501207EC00080D7011B810908013E7800178730FE03
S31501207ED000457CFF07757A01003AC97E1B9E8024E6
S31501207EE02C0D2A077A02001078000028C97E2A075D
S31501207EF07A12002001C37800105F2A037A12000843
S31501207F007800120D7CFFEA147CFF07757A02FFE0E8
S31501207F102C0734FE00457800176B7800173730FEA2
S31501207F2000447CFF07757A01003AC47E1B9E8010AF
S31501207F302C0D2A077A02001078000028C47E2A0711
S31501207F407A12002001C37800100F2A037A12000842
S31501207F50780011BD7CFFEA147CFF07757A02FFE0E9
S31501207F602C0734FE00447800171BC70100901B81A3
S31501207F700808217100040000182106F00080D501AF
S31501207F801BC109082A037A02002C7CFE42A67CC06A
S31501207F9000A67C0001466C2748F470BFE40465B551
S31501207FA07C85392E7C0006AC7CC001060001780058
S31501207FB00000013F014E7800169BC05F509F004094
S31501207FC0CF6F7CE431D67CC53A14D16F4806DE6F7B
S31501207FD0D25F06477CE53A14D37F2C0734FF004451
S31501207FE034FF00452A0E7A020022C47F2A077A121C
S31501207FF0002A187F801078000F5F2A037A12001C4E
S315012080004803000278000014187F801079FFFD557F
S31501208010187F802479FFFD4D780016694813C50124
S3150120802000901BC1080820F100040000182106E871
S315012080300080D7011BA1090C2A037A02002C7CFEA1
S3150120804042A67CC000A67C0001466C2748F470BF7E
S31501208050E40465B57C85392E7C0006AC7CC001061E
S31501208060000178000000013D014E2A047A120032F7
S315012080700543186380487800169B2A03013F7A023C
S31501208080003278000038DFDF57DF004001F3481463
S3150120809079FFFEE978000026D0FF79FFFFEC4C83BB
S315012080A0780016712A03013F7A02FFF07800000E4C
S315012080B018E38048D07379FFFFD001F3C701009000
S315012080C01BA1080C21710004182106F00080D5019E
S315012080D0D3F12A037A02002C7CFE42A67CC000A69C
S315012080E07C0001466C2748F470BFE40465B57C85A5
S315012080F0392E7C0006AC7CC0010600017800000008
S315012081000D437A00002C7CFE42A67CC000A67C0092
S3150120811001466C2748F470BFE40465B57C85392E89
S315012081207C0006AC7CC00106000178000000014FEE
S315012081304804482579FFFEF92A037A120006DEF360
S31501208140C5010090C3F120F100040000182106B0FA
S315012081500080540100547D8000261AC109285581CA
S315012081600024D6512A037A02002C7CFE42A67CC02A
S3150120817000A67C0001466C2748F470BFE40465B56F
S315012081807C85392E7C0006AC7CC001060001780076
S3150120819000002A047A02003650E300402A077A12A8
S315012081A0002C7CFE42A67CC000A67C0001466C27E2
S315012081B048F470BFE40465B57C85392E7C0006AC95
S315012081C07CC001060001780000002A267A020034CC
S315012081D0CF732A177A12002C7CFE42A67CC000A6F9
S315012081E07C0001466C2748F470BFE40465B57C85A4
S315012081F0392E7C0006AC7CC0010600017800000007
S31501208200013F0169014878000F0F2A037A020034E1
S31501208210C6712A077A1200327CFE42A67CC000A6CD
S315012082207C0001466C2748F470BFE40465B57C8563
S31501208230392E7C0006AC7CC00106000178000000C6
S31501208240480E78000006480E1879A80272C000016F
S315012082502C0B480C1AFF8010780013F9CE7FCF6FB4
S315012082600D677A1000087A0E004001F3018401950A
S3150120827079FFFBABC97F2A077A12001A187F80245F
S3150120828078000CD52A037A120016480300027800DA
S31501208290000E2A037A12000848030002780013E52B
S315012082A04813780000B2C6712A077A02000E7800B8
S315012082B013D34803780000A02A0E7A02000E186113
S315012082C0800878000D5303EE780013B97800086909
S315012082D07800138130FF004400D70CB77A020008DA
S315012082E0379F004430FF004500D70CB77A020008BB
S315012082F0379F00457800138D1861800818818018F2
S3150120830078000D252A037A02004278001347CEDF32
S31501208310CFAF7800136F0DAD7A02002203F3C64169
S3150120832078000BDD01F379FFFB97780009772A03A3
S315012083307A02FF28000279FFFF2201F379FFFB81F0
S315012083407800096179FFFF1401F379FFFB73780047
S3150120835009534803500100545181002400901AC149
S3150120836008287D810120182180500004182106F05B
S315012083700080D5011BC1090801372A077A02002C82
S315012083807CFE42A67CC000A67C0001466C2748F4F0
S3150120839070BFE40465B57C85392E7C0006AC7CC0B3
S315012083A0010600017800000050C700402A067A1213
S315012083B0002C7CFE42A67CC000A67C0001466C27D0
S315012083C048F470BFE40465B57C85392E7C0006AC83
S315012083D07CC00106000178000000C0672A067A02E7
S315012083E00034C1672A067A12002C7CFE42A67CC084
S315012083F000A67C0001466C2748F470BFE40465B5ED
S315012084007C85392E7C0006AC7CC0010600017800F3
S3150120841000007CDE42A66C26707FE40465B37FC330
S31501208420302E7CDE42A67CA000A67C0001466C266E
S3150120843048F07C03312E7C0006AC7CA001060001AD
S31501208440CE57CF3748060D357A00005230C7004542
S315012084507CC307742005DE5773E39FFF7A02002E43
S31501208460C95748162A057A120034014F1867802405
S3150120847078000AE548162A037A1200222A0F7A1270
S31501208480001A4817D07F78000014200600D634C77A
S31501208490004548167800000648167CFE42A67C0058
S315012084A006AC7CA000A67C0001466C27709FE404E4
S315012084B065B47FC4392E7CA001060163C5010090F5
S315012084C01BC1080820F10004182106C000805401B0
S315012084D000441B210924D6412A037A02002C7CFE62
S315012084E042A67CC000A67C0001466C2748F470BFDA
S315012084F0E40465B57C85392E7C0006AC7CC001067A
S3150120850000017800000050E300402A077A12002C6F
S315012085107CFE42A67CC000A67C0001466C2748F45E
S3150120852070BFE40465B57C85392E7C0006AC7CC021
S315012085300106000178000000013F78000BDB2A03C9
S315012085407A020034C6712A077A1200347CFE42A6CA
S315012085507CC000A67C0001466C2748F470BFE40469
S3150120856065B57C85392E7C0006AC7CC001060001F0
S3150120857078000000480E480D78000008480E480D86
S3150120858048192C0B480C1B5F8024780010C7CE7F1E
S315012085902A077A12003C18E784FFDE7FC07F2A076C
S315012085A07A02000A78000EF1D13FC47F2A077A1297
S315012085B00016187F80107800099F2A037A12000876
S315012085C048030002780010BD481378000126C671C1
S315012085D02A077A02003C2A0E7A12002C7CFE42A639
S315012085E07CC000A67C0001466C2748F470BFE404D9
S315012085F065B57C85392E7C0006AC7CC00106000160
S31501208600780000007800107D4803780000E62A0DE6
S315012086107A02000E18618008780009FD019D780014
S315012086201063780005137800102B30FF004400D723
S315012086300CB77A020008379F004430FF004500D767
S315012086400CB77A020008379F004578001037186169
S31501208650800818818018780009CF2A037A020054ED
S3150120866001F379FFF7932A037A12003AC07F2A078A
S315012086707A02001478000FDDC13F78000AB7013E67
S315012086807800100101A3C6417800087501F379FF2E
S31501208690F82F7800060F2A037A02FEF2000279FFEC
S315012086A0FEEC01F379FFF819780005F979FFFEDE72
S315012086B001F379FFF80B780005EB01F379FFF73920
S315012086C02A037A12FEC848032A0E7A120026780057
S315012086D00F83C97F48042A077A12000CCC7FC04732
S315012086E01884B008C13F78000C7378000F974803AF
S315012086F05001004400901B210824182180400004C9
S31501208700182106F80080D3012A037A02002C7CFE68
S3150120871042A67CC000A67C0001466C2748F470BFA7
S31501208720E40465B57C85392E7C0006AC7CC0010647
S31501208730000178000000780010D7C3010090207155
S315012087400004000050ED8098C0772A077A02000CB9
S315012087502C0754ED809C000450ED8098C377C37795
S31501208760C17754ED809C0004182106E80080D701CA
S315012087701B81090873A8E0001FBD19FC2C0E738804
S31501208780E0001F9C1A3850ED80AC2A077A1200426D
S3150120879078000EC1C37DC3F7187F800479FFF62DBB
S315012087A050ED808004E754ED808050ED80AC04E7E5
S315012087B054ED80AC78000ECDCC3F7800105301F3F8
S315012087C07800104D50ED80AC2A077A02FFC6C07C96
S315012087D022077A01FFB44803000279FFFFAC0000AB
S315012087E0182106E80080D7011BA1090C013F014D84
S315012087F053CD809450ED80A0480634C7004D506D6E
S3150120880080A0203379FFF5C52A037A02001C50ED9A
S3150120881080A050CD80A8CB5770FF7FFE7CE72A3001
S31501208820466754ED80A873FF9FFF7A0200202A0D28
S315012088307A12001A508D80A07068E0001C631AEC31
S31501208840203479FFF53B7800004004EF50ED80A0FD
S31501208850D1F70DFE7A010016506D80B4508D80A09F
S31501208860203479FFF53378000020506D8098508DA3
S3150120887080A0203479FFF52150ED809C0D7F7A0070
S31501208880000857ED809CC70100901BA1080C21719F
S3150120889000040000182106D80080DB011B0109080D
S315012088A00139014F016A017D030B7CBC107001C3A4
S315012088B078000E612A0301387A1201C84D03780027
S315012088C00E532A03013E7A120032DC830183708023
S315012088D000A501C5780033F31B9C84FCCC7E7F87E1
S315012088E0E2141B9CC4E0807F34FE0034807F2A077B
S315012088F07A0200127800002E018378000F13780087
S31501208900018202F31BFE803448B700B7180B000121
S31501208910181F0401300B00002A007A1200087A2061
S31501208920FFEE480734FE003F01DF226D7A01000683
S31501208930487FDBFE57FE0040480D57BE00441B1EF4
S315012089408004018379FFF431187E801879FFF42998
S31501208950D4EE1BFFB008D6FED9EE57BE004837BE6F
S31501208960004C37BE004D01C3019401A578000BC50B
S31501208970D03E2A0B7A120006D0EB78000CD750EDA8
S315012089808080200754ED808050ED80A02A077A024E
S31501208990007857CD80A050ED808022077A0200868C
S315012089A073E8E0001FFF1A381BBF80A001F379FF8F
S315012089B0F3B3213F0DDF7A02FFF673A8E0001FBD56
S315012089C01A2401D379FFF39D73E8E0001FFF1A10E3
S315012089D001F379FFF38F7068E0001C631AD879FFE1
S315012089E0F3837068E0001C6319FC79FFF3777068E4
S315012089F0E0001C631AEC79FFF36B57AD809857EDB5
S31501208A0080B47800002050ED808C2A077A02001667
S31501208A1050ED80A0CB77CB6E0D677A11000857CD2C
S31501208A2080A050ED80B0200754ED80B0CB7E50ADB4
S31501208A3080A848164276445654CD80A87CE610700C
S31501208A406C477C663A1470C8E0001CC61A387C66EE
S31501208A501A14018479FFF32978000C2950ED808CB2
S31501208A6048132A077A12001E50ED80A0CB77CB6ED1
S31501208A700D677A00001048030002481378000006AB
S31501208A802C03CB0100901B01080818218028000423
S31501208A90182106F80080D3017060E1211C638768E4
S31501208AA07080E1211C84C76070A000C84806480771
S31501208AB01D0D808479FFFDE12A137A0200427CFE96
S31501208AC042A67CC000A67C0001466C2748F470BFF4
S31501208AD0E40465B57C85392E7C0006AC7CC0010694
S31501208AE000012C0754ED809C481754ED808C4807D3
S31501208AF054ED809478000B357800003473E39FFFA2
S31501208B007A02002C7CFE42A67CC000A67C0001468F
S31501208B106C2748F470BFE40465B57C85392E7C004A
S31501208B2006AC7CC00106000178000000C30100905C
S31501208B302071000450ED8090200754ED80900004B0
S31501208B40182106E00080D9011B41090850ED8090CB
S31501208B502A077A02012653CD8094200E57CD809480
S31501208B602A0E7A02005650ED8098C0772A077A128B
S31501208B70002C7CFE42A67CC000A67C0001466C2708
S31501208B8048F470BFE40465B57C85392E7C0006ACBB
S31501208B907CC0010600017800000050ED809850CD80
S31501208BA080B454CD809854ED80B450ED80A4200734
S31501208BB054ED80A479FFFB9150ED809C480F0D7EEA
S31501208BC07A100090480F481B7388E0001F9C1A38C2
S31501208BD050ED8098C0772A077A02000E2C0754EDB3
S31501208BE0809C7800006E50ED8098C377C3D7C17DF5
S31501208BF00D7E7A00000C54ED809C780000561B5D9A
S31501208C00800401A379FFF1C5CA7D2A077A12000CD7
S31501208C10187D801879FFF1B5CB7D50CD80A87F6571
S31501208C203830445654CD80A87CE610706C477C665B
S31501208C303A147C7C1A1401A479FFF14550CD80A009
S31501208C40CB7DCB660D677A10FF8A01BF79FFFF8442
S31501208C5050ED80A0CB777CE610706C477CE63A1409
S31501208C6070C8E0001CC61A387CE6382E22077A0125
S31501208C700016481F7800001050ED8088200754ED1B
S31501208C808088480F50ED807C2A077A120006481FFB
S31501208C9001F3C90100901B41080821F100040000DD
S31501208CA0182106E00080D9011B61090C50ED809046
S31501208CB02A077A02002C7CFE42A67CC000A67C00F4
S31501208CC001466C2748F470BFE40465B57C85392ECE
S31501208CD07C0006AC7CC0010600017800000078000B
S31501208CE0097350ED809018E784FF54ED809050ED84
S31501208CF08090480F2A077A0200C250ED80802A0709
S31501208D007A020058780000B4C37EC3F7187F801812
S31501208D1079FFF0B91B7F800401B379FFF0AFCB7FD8
S31501208D2050CD80A87F853830445654CD80A87CE626
S31501208D3010706C477C663A147C7D1A1401B479FF55
S31501208D40F03F50CD80A0CB7FCB660D677A10001EF9
S31501208D50578D807C7800001673C8E0001FDE1AD874
S31501208D60481C73A8E0001FBD1A38C07E2A077A0264
S31501208D70FF9A2A0F7A12000879FFF9CD53ED8088E0
S31501208D802A0F7A120024481D2C0E79FFFDB72A03DB
S31501208D907A12000857AD807C04EF2A0F7A02FFEE83
S31501208DA0480754ED808850ED807C480F2A077A12B7
S31501208DB0000A48030002481F780008C901F3C901C7
S31501208DC000901B61080C21F100040000182106F017
S31501208DD00080D501D3F12A037A12004E50CD80901E
S31501208DE02A067A12002C7CFE42A67CC000A67C00B4
S31501208DF001466C2748F470BFE40465B57C85392E9D
S31501208E007C0006AC7CC00106000178000000013F11
S31501208E1079FFFD2501F3480479FFF9C979FFFE851C
S31501208E202A037A02000848030002C5010090C3F113
S31501208E3020F1000450ED80902A077A12000C481781
S31501208E4054ED807C0004480754ED807C50ED80A8C9
S31501208E507CE7003418E7B01F7CE610707CE52070B3
S31501208E60045670A8E0001CA51A387CC5302E2A06A7
S31501208E707A02002C7CFE42A67CC000A67C0001461C
S31501208E806C2748F470BFE40465B57C85392E7C00D7
S31501208E9006AC7CC001060001780000007CE610705B
S31501208EA07CE520707CA62A1470C8E0001CC61A38FE
S31501208EB00456C156C155D15620760D657A02001E3B
S31501208EC0C1457CE610707CE520707CA62A1470C80A
S31501208ED0E0001CC61A380456D1467CE610706C4751
S31501208EE07CE63A1470C8E0001CC61A387CE63A14AF
S31501208EF0C177C37754ED80A000040000182106F045
S31501208F000080D501D3F12A037A02002C7CFE42A6E9
S31501208F107CC000A67C0001466C2748F470BFE4049F
S31501208F2065B57C85392E7C0006AC7CC00106000126
S31501208F3078000000014F508D80A0217479FFEE59F1
S31501208F4001F3481479FFF89DC5010090C3F120F182
S31501208F5000040000182106F00080D5011BC1090874
S31501208F60C373C3F72A0F7A02002C7CFE42A67CC06B
S31501208F7000A67C0001466C2748F470BFE40465B561
S31501208F807C85392E7C0006AC7CC001060001780068
S31501208F9000001BDF801801E379FFEE3150ED809050
S31501208FA02A077A02003E1BDF800401E379FFEE1DCA
S31501208FB0CB7F50CD80A848154275445654CD80A804
S31501208FC07CE610706C477C663A1470C8E0001CC6BB
S31501208FD01A387C661A1401E479FFEDA5780000128F
S31501208FE07068E0001C631AD801E479FFED9350CD37
S31501208FF080A0CB7FCB6648030D677A01000C48170A
S3150120900054ED807C4813C50100901BC1080820F14E
S315012090100004000050ED80A4D07350ED8094D173EC
S3150120902000040000182106E80080D7011BA1090CC5
S315012090302A037A02002C7CFE42A67CC000A67C0074
S3150120904001466C2748F470BFE40465B57C85392E4A
S315012090507C0006AC7CC001060001780000002A04D1
S315012090607A02002C7CFE42A67CC000A67C0001462A
S315012090706C2748F470BFE40465B57C85392E7C00E5
S3150120908006AC7CC00106000178000000013D014FBD
S31501209090780005C150CD8094C14D50ED80A030A7F8
S315012090A0004D2A057A12001450ED80A0480634C7D7
S315012090B0004D481E78000046C07F73E79FFF7A1255
S315012090C0003A506D80A4C05D0C357A12000C481E02
S315012090D00D467A00002806460D767A0000140667AA
S315012090E0D07F01D379FFFF31480E78000010480761
S315012090F0D07F481E78000006480E7800058701E3D8
S31501209100C70100901BA1080C21710004481754EDDA
S31501209110807C000450ED808C48132A077A120010B7
S31501209120506D80907C63003468536C1300040000FA
S31501209130182106F00080D5011BC109082A037A12DD
S3150120914000E4CB7350CD80A0CB660D677A0000BEBC
S31501209150C6632A067A10001050CD80A0CB6618C6A9
S31501209160B008D6637CE610706C477CE63A1470C86A
S31501209170E0001CC61A387CE63A14C5630C767A02DE
S31501209180007E013F1BC3800401E379FFEC3F2A03E4
S315012091907A020034CB5F7CA710707CA6207004670E
S315012091A070C8E0001CC61A387CE6382E2A077A02D7
S315012091B0001650ED80A870DF7FFE7CC52A304675EB
S315012091C054AD80A850ED80A0CB77DB7F50AD80A831
S315012091D048164276445654CD80A87CE610706C47DA
S315012091E07C663A1470C8E0001CC61A387C661A14CC
S315012091F001E479FFEB8B48137800002C50ED80A019
S31501209200CB77DB7348137800001E50CD80A050E346
S315012092100040CB367C6338107C631910003378000C
S3150120922000064803C50100901BC1080820F100046F
S31501209230182106F00080D5011BC1090801372A072C
S315012092407A12010250CD80A00D677A12002C7CFE85
S3150120925042A67CC000A67C0001466C2748F470BF5C
S31501209260E40465B57C85392E7C0006AC7CC00106FC
S3150120927000017800000050C700442A067A02002C1B
S315012092807CFE42A67CC000A67C0001466C2748F4E1
S3150120929070BFE40465B57C85392E7C0006AC7CC0A4
S315012092A0010600017800000018C684FF54C7004457
S315012092B0CB57508700400C457A12009048032A0666
S315012092C07A02008A017F1BC7800401E379FFEAFD48
S315012092D02A037A020034CB5F7CA710707CA620700B
S315012092E0046770C8E0001CC61A387CE6382E2A07A7
S315012092F07A02001650ED80A870DF7FFE7CC62A30E8
S31501209300466754ED80A850FF0040DB7F18C7B008A0
S31501209310D66F50CD80A848154275445654CD80A8A5
S315012093207CE610706C477C663A1470C8E0001CC657
S315012093301A387C661A1401E479FFEA454813780045
S31501209340000C4803780000064803C50100901BC1A4
S31501209350080820F100040000182106F00080D5013C
S315012093601BC1090801372A077A12011E50670044DA
S315012093702A037A02002C7CFE42A67CC000A67C0031
S3150120938001466C2748F470BFE40465B57C85392E07
S315012093907C0006AC7CC0010600017800000050A7C5
S315012093A0004001460D547A0000060156CB570D6543
S315012093B07A1200D622037A0200D0508D80A00D4762
S315012093C07A02002C7CFE42A67CC000A67C000146C7
S315012093D06C2748F470BFE40465B57C85392E7C0082
S315012093E006AC7CC00106000178000000DB67C64799
S315012093F02A047A10000A18C6B008D6677CA610700F
S315012094006C457CA62A1470C8E0001CC61A3804567E
S31501209410C5570C657A020072017F1BC7800401E3E0
S3150120942079FFE9A92A037A020034CB5F7CA7107061
S315012094307CA62070046770C8E0001CC61A387CE63A
S31501209440382E2A077A02001650ED80A870DF7FFE9B
S315012094507CC62A30466754ED80A8CB7F50CD80A8A4
S3150120946048154275445654CD80A87CE610706C4749
S315012094707C663A1470C8E0001CC61A387C661A1439
S3150120948001E479FFE8FBC50100901BC1080820F122
S315012094900004000050ED80A02A077A12001250CD58
S315012094A080A050E60044200754E60044506D80A079
S315012094B000040000182106F00080D5011BC109080F
S315012094C07CFE42A66C2770BFE40465B57FC5382EA5
S315012094D07CFE42A67CC000A67C0001466C2748F48F
S315012094E07C85392E7C0006AC7CC00106000179FF03
S315012094F0F653013F780002112A1F7A02000879FFEC
S31501209500F9377CFE42A67C0006AC7CC000A67C0016
S3150120951001466C2770BFE40465B57FC5392E7CC032
S315012095200106C50100901BC1080820F100040000B6
S315012095307C0000A670FBE6AD70F7C6EFD073480736
S3150120954054E3FFFC54E3FFF849F654C3FFF449E61C
S3150120955054C3FFF049D654C3FFEC49C654C3FFE8B0
S3150120956049B654C3FFE449A654C3FFE0499654C300
S31501209570FFDC498654C3FFD8497654C3FFD44966D4
S3150120958054C3FFD0495654C3FFCC494654C3FFC8E0
S31501209590493654C3FFC4492654C3FFC0491654C390
S315012095A0FFBC490654C3FFB848F654C3FFB448E686
S315012095B054C3FFB048C654C3FFAC48B654C3FFA832
S315012095C048A654C3FFA4489654C3FFA0488654C353
S315012095D0FF9C487654C3FF98486654C3FF94485667
S315012095E054C3FF90484654C3FF8C54A3FF8854E3C9
S315012095F0FF8454E3FF8054E3FF7C5483FF7854E3D4
S31501209600FF7470D21000440654C3FF705483FF6C5C
S3150120961054E3FF6854E3FF6418E384F854E3FF60DE
S315012096201863846000040000182106F80080D30125
S315012096307060E1211C6394B47093043F7800007933
S3150120964079FF9A014803C3010090207100040000AC
S315012096507CFE42A67CC000A67C0001466C2748F40D
S3150120966070BFE40465B57C85392E7C0006AC7CC0D0
S31501209670010600017CF142A620077CF143A60004E5
S315012096807CF142A624077CF143A62A077A0200260A
S315012096907CFE42A67C0006AC7CC000A67C0001466E
S315012096A06C27480470BFE40465B57C85392E7CC0DF
S315012096B001060004182106F00080D501D3F10137F7
S315012096C0014F706000E50174480579FFDE9F7060E7
S315012096D000E579FFDEBF706000E5481479FFDF49B8
S315012096E070E84000C06765F6D067C06761E6D0675D
S315012096F057E70130483654C70138C5010090C3F1F8
S3150120970020F10004481670E8400054C7013C0004CB
S31501209710182106F00080D5011BC10908013F79FFF8
S31501209720F41750ED80BC2A077A02003670E8E00073
S315012097301CE71B0021F718E7C4E054ED80C048055B
S3150120974054AD80C470D503C054CD80CC54AD80C8EF
S31501209750D1671CCD80C8D067481754ED80BC480E10
S315012097602A0F7A12009818BF802018A7C01F2A072F
S315012097707A12000A18A5C4E021F518E584FF480EDF
S3150120978072A7ABBE7A11007650ED80C01C8D80C0C9
S315012097907800000801740167C1670D657A01000C24
S315012097A0C0672A067A02FFF01CCD80C80C677A12A0
S315012097B0004AC0E421FEC067D064C1670656700620
S315012097C0A8407A0100267C672A14D163D157C103A8
S315012097D01C8D80C0780000060154C054C1650D60FF
S315012097E07A11FFF8D053D034C16750ED800C06674B
S315012097F054ED800C78000006480E79FFF4A701E3AA
S31501209800C50100901BC1080820F10004182106F0AB
S315012098100080D5011BC109082A037A12003E013FA7
S315012098201BC384E079FFF311509FFFE41CAD80C078
S31501209830780000060165C065C1760D747A11FFF8BE
S3150120984054DFFFE0D0E550DFFFE450ED800C0467E4
S3150120985054ED800C79FFF44DC50100901BC1080819
S3150120986020F10004182106D80080DB011BA1091C68
S31501209870C0337CF042A62A077A12007001144807E9
S3150120988018E4060879FFEAE9013F2A137A020068FB
S31501209890C2712A177A0200607CFE42A66C2773DF0A
S315012098A0E40465BE7FBE382E7CFE42A67CC000A69F
S315012098B07C0001466C2748F57CBE392E7C0006AC1F
S315012098C07CC00106000179FFF56F7CFE42A67C0073
S315012098D006AC7CC000A67C0001466C277FBE392ED3
S315012098E07CC001067800001048044805480679FF27
S315012098F0E85F013F1BE3E0017CE300D046737C6314
S315012099000034186384E069F3CB0100901BA1081C85
S315012099101821802800040000182106F00080D501B6
S31501209920D3F1013F2C8379FFE7A3D03F7C63003439
S315012099306853C5010090C3F120F10004182106F8EF
S315012099400080D301C03379FFEDBB4803C3010090EA
S3150120995020710004182106F80080D30101372A0757
S315012099607A12005EC0672A067A12005CC1672A064F
S315012099707A12005AC2672A067A120058C367481318
S315012099802A067A12005070A8E0011CC5C6E0C0075D
S31501209990C137C247C3775405C6E0D136D246D376FE
S315012099A078001F7578001A5D0137546D80D84813E9
S315012099B02A077A12002078001F937800001848138E
S315012099C07800001248137800000C4813780000062E
S315012099D04813C3010090207100040000182106F0ED
S315012099E00080D501D3F1481350ED80D82A077A1289
S315012099F0007E78001F83546D80D02A037A0200707E
S31501209A0050ED80D8C4F71BE7C6DF18E783FF2D2664
S31501209A100D677A1100281BFFC60F1BFFD25048176E
S31501209A2034ED80EC70D7E3BB70D7C3BB70E8E0049C
S31501209A3018E7D00CD0677800001470C2E11170C20B
S31501209A40C11170E8E00465C7D06701F350ED80D8F5
S31501209A50C54778001F3B546D80D02A037A02001037
S31501209A6001F350ED80D8C54778002065C5010090E7
S31501209A70C3F120F100040000701D7C607C21016E81
S31501209A800080540113A457C1139857E1139C53CD59
S31501209A9080D82A0E7A12014630FE001C2A177A0235
S31501209AA0000E480754ED80DC54ED80E030FE001BAB
S31501209AB02A177A02006C18618008480470A203886C
S31501209AC078002207187E807218818008AC5E7800A3
S31501209AD01AD35461139050A1139054AD80E450EDE4
S31501209AE080E0045754ED80E074A7063F18E6C803CA
S31501209AF07A1200262035066554AD80E47CC73214DF
S31501209B0074C5063F2C047CC13A149846200700C729
S31501209B100D577A02FFF41BE18008780000281BFE0E
S31501209B208072AC7E54ED80E450CD80E0047654CD35
S31501209B3080E018E6C8037A12000C2037066754ED38
S31501209B4080E4508D80E450ED80DC044754ED80DCC8
S31501209B5050ED80D8C27754ED80E830CD80EC2A06CE
S31501209B607A12002E18E7C60F18E7D25054ED80E876
S31501209B7030CD80D47CC510707068E00465B37CE379
S31501209B80292E20357C83292E201634CD80D4506D64
S31501209B9080E801F578001F59546D80D02A037A0296
S31501209BA0003E506D80E8508D80E401F578001F8DD0
S31501209BB0546D80D07023A9037A020024506D80E869
S31501209BC0508D80E401F578001F73546D80D0702389
S31501209BD0A9037A12FFEA780000064813500113A45C
S31501209BE0009053C1139853E1139C1C2113A0000428
S31501209BF0182106F00080D501D3F150ED80D82A072F
S31501209C007A1200A470E8E00465D7C07772E79BBB9F
S31501209C107A1200087800185D70D77BBB70E8E004E3
S31501209C2065D7D06778001F61506D80E8508D80DC44
S31501209C3078001F75013F78001CFF70C8E00470C0D2
S31501209C40C10870A8E00470A0C10CC0762A077A1258
S31501209C50000CC0752A077A02FFF470E8E00470E070
S31501209C60C10850CD80E8D06770E8E00470E0C10CEF
S31501209C7050CD80E0D06770D5E2AA70D5C2AA70E82F
S31501209C80E0046577D06750ED80D8C0777FE33A78D6
S31501209C907CE300D046737C630034186384E069F367
S31501209CA0780000064813C5010090C3F120F1000495
S31501209CB050ED80D821D748047068E0047060C11047
S31501209CC0490600B681677CC5407082676D06445699
S31501209CD08057446583676D8644567C8516707CA5BE
S31501209CE001946C257CC3292E203420377A20FFD875
S31501209CF02C0670E8E0046577D0670176C0762A07DE
S31501209D007A02FFFC70C2E11170C2C11170E8E00451
S31501209D1070E0C104D067480670E8E00465C7D067E3
S31501209D204803000470E0E1211CE7A1DC54ED80F832
S31501209D3000040000182106F80080D3012A047A02C3
S31501209D400020481734ED810C1C628000480470A85D
S31501209D50E0011CA5C6F079FFDF2B78000020220444
S31501209D607A02001A50ED80F870C0E1211CC69D24AC
S31501209D700C677A02000879FFFFAFC30100902071BA
S31501209D8000040000182106A800805401005C4B370E
S31501209D90D371488734E100507003A8457A02000E3A
S31501209DA04B2734E10010780000127003A8417A0293
S31501209DB0000A4B0734E10010480734E100114947F6
S31501209DC034E1001270FF7FAA34E1001334E100145C
S31501209DD034E1001534E1001634E10017506D81108D
S31501209DE018A1800879FFDDF15001005C009018214F
S31501209DF080580004182106A00080540100641BC16C
S31501209E000958014E4B37D371488734E1005050ED44
S31501209E1080FC58E7100218E6C00F34C1001018075D
S31501209E2080012A107A01001A18C384FF18A1801014
S31501209E3000B718660001186504017A20FFF82A7018
S31501209E407A1100207CE13A1418C7801070BF7FAACE
S31501209E5018E18017066700B718A604017A20FFFCCF
S31501209E601FE2800001F3481470A8E0001CA510B081
S31501209E7079FFDC1101F301E418A1800879FFDD598E
S31501209E80480650ED80FC90675001006400901BC18C
S31501209E900858182180600004182106880080540182
S31501209EA0007C1B010958013D4B37D371488734E1AA
S31501209EB0005050ED80FC5BC710027FC7447065B728
S31501209EC034E1001037C10011807334E1001281732F
S31501209ED034E10013827334E10014837334E10015F5
S31501209EE0847334E10016857334E100171BDE84FA8E
S31501209EF01C628000481418A1800879FFDCDB506DB4
S31501209F0081082C0479FFE5C52A0E7A0100AC204D83
S31501209F10481F1B018017733F7FAA480A487B1F826F
S31501209F20800018FF802034E10010200F7FE7267083
S31501209F307CE701946C47067F00CF2A6E7A01008662
S31501209F4001B07800000601E018A1801001D601A712
S31501209F507C9A005000B42A007A110008481400B4F3
S31501209F60200718860001188504017A20FFF62A6E3B
S31501209F707A11002818E080012A777A11001E18E04C
S31501209F80800818C180087CE63A147CC7C05000B608
S31501209F901B2704017A20FFFC01C3481418A180085D
S31501209FA079FFDC351BDE84F9494379FFEE23206DE9
S31501209FB02A0E7A11FF70482650ED80F490677800BA
S31501209FC000102A0E7A11FF8201E079FFFFAA5001C3
S31501209FD0007C00901B01085818218078000400009D
S31501209FE0182106F80080D301506D80FC80732A1752
S31501209FF07A02003C58E3100222677A1100222003DC
S3150120A000481479FFFDF3480650ED80FC9067506DAA
S3150120A01080FC58E3100222677A01001420034814B9
S3150120A02079FFFE79480650ED80FC9067C3010090C8
S3150120A0302071000470E0E1211CE7A2B854ED80F8FC
S3150120A040480654CD80F0480734CD811434ED81047F
S3150120A05034ED81000004000070E8E00130C7C6F845
S3150120A06050ED80F45CC7100201672A067A010026AA
S3150120A07070A8E0011CA5C6F020754806066700B742
S3150120A0801885000150ED80F40467914720067A2057
S3150120A090FFF2481650ED80F490670004182106F06F
S3150120A0A00080D501D3F1480F5FED810279FFFF8949
S3150120A0B050ED80F490F750ED80F45FE710024806EA
S3150120A0C04805633700B750ED80F4046791572006A1
S3150120A0D07A20FFF64C53481479FFFCADC501009058
S3150120A0E0C3F120F100040000182106F80080D301F5
S3150120A0F030ED810C2A177A020068480734ED810475
S3150120A10070E8E00130C7C6F87CC724717A02000CDA
S3150120A11079FFFF497800004422077A02001050EDAA
S3150120A12080F800B700077800003222177A02001063
S3150120A13050ED80F800B700077800002022277A0228
S3150120A140001A7006A8307A020012506D8108480460
S3150120A1504805480679FFDFF9480734ED810C30EDD3
S3150120A16081142A177A02001C30ED8104200700C7CA
S3150120A17034ED81047007A8637A01000879FFFF2175
S3150120A180C3010090207100042A037A12004E58ED73
S3150120A19081022A077A120044206470E8E0011CE754
S3150120A1A0C6F07C8722142C0000B350CD80F018E62F
S3150120A1B0800154ED80F018A4000150ED80F404676D
S3150120A1C0915758ED8102040700E75CED81027A3050
S3150120A1D0000A2A077A02FFD600040000182106F099
S3150120A1E00080D501D3F170E8E00130C7C6F87CC7FD
S3150120A1F024702A277A02006030ED810020077CE551
S3150120A20026707CA501946C4506572EF60C677A02BA
S3150120A210001434ED81004873481479FFFF6F7800EC
S3150120A2200036480F5FED810279FFFE0D50ED80F477
S3150120A23090F748064805633700B750ED80F4046768
S3150120A240915720067A20FFF64C53481479FFFB39A3
S3150120A2507800005E50ED80F458E7100250CD80F072
S3150120A2600D677A000036480F5FED810279FFFDC93F
S3150120A27050ED80F490F748064805633700B750ED56
S3150120A28080F40467915720067A20FFF64C53481430
S3150120A29079FFFAF57800001A58ED81022A077A0229
S3150120A2A0001079FFFD93481650ED80F49067C501A3
S3150120A2B00090C3F120F10004182106F80080D30193
S3150120A2C070E8E00130C7C6F87CC724702A177A02E5
S3150120A2D0004074C6452F70E8E00130E7C6F94476A0
S3150120A2E05CCD810250ED80F45CC7100270E0E12163
S3150120A2F01CE79D2454ED80F84863482479FFFE8DA0
S3150120A300481734ED81144C13481479FFFA7BC301A5
S3150120A3100090207100040000182106F80080D30166
S3150120A320546D80FC548D80F470E0E1211CE7A2B8C5
S3150120A33054ED80F848134804483579FFDCF3546D11
S3150120A3408108C3010090207100040000182106F045
S3150120A3500080D5011BC10908546D81101FE28000C0
S3150120A36001F37080E1211C84C15879FFD5C301F323
S3150120A3707080E1211C849D34480579FFD98373C8F7
S3150120A380E0001FDE10B001F3480401E54D5679FFC8
S3150120A390D79701F3480470A8E0011CA5C6F079FF00
S3150120A3A0D8E301F3481401E579FFD6D9C501009018
S3150120A3B01BC1080820F100040004000050ED8014A0
S3150120A3C054ED8010482754ED801448075CED811E1A
S3150120A3D0000400004B7754ED8010482754ED80147B
S3150120A3E048075CED811E481734ED802000040000EB
S3150120A3F070E8E0015887F7FE18E484FF2A077A10EF
S3150120A400002470A8E0011CA5E7FC18E480017CE586
S3150120A4103A1420052C037CC718EE92670D577A0251
S3150120A420FFF870C8E0011CE6E7FC480591574D5539
S3150120A430925720145C871002481734E6E7FC000483
S3150120A440182106D870C0E1211CE6C1445166C144D9
S3150120A450C107C257C36755610008D301D451D561DD
S3150120A460C477D6717C8708707CE43A142FF77C6711
S3150120A4703A306C2418C180087C86202E7CE4227810
S3150120A48070F5E2AA70F5C2AA46477CE60C7070AA5E
S3150120A490E55570AAC5557C8728386C1744677C63B7
S3150120A4A03A3818218028000470E8E0011CE7D740DB
S3150120A4B0480634C7001D18E7805D494500B518C711
S3150120A4C004017A20FFFC00047088E0011CC4E7FC2B
S3150120A4D070E8E0011CE7C73C815718A580409156DA
S3150120A4E08277927648275CE610023464E7FC000402
S3150120A4F0182106F00080D5011BC10908014E73E819
S3150120A500E0011CFFE7FC4FF6916770C8E00130C6F9
S3150120A510C73D9267933748365CC7100279FFFED54F
S3150120A52037DFE7FCC50100901BC1080820F10004B4
S3150120A530182106F00080D501D3F150ED81282A0794
S3150120A5407A02013070E8E00158E7D73E2A277A12CD
S3150120A550002A4933481479FFFF9B7800013270E8BD
S3150120A560E00158E7D73E2A677A1201124933481487
S3150120A57079FFFF817800011870E8E00130E7C73ED6
S3150120A58022177A0201044A43481479FFFF677800AB
S3150120A59000FE22077A02007870E8E00465B7C0372A
S3150120A5A078001649780016257C60FE7001070106A1
S3150120A5B07C0402787C6502787D6728107D4621100F
S3150120A5C001747D6502787CE728107CC6211054ED44
S3150120A5D08120480379FFFEF550CD812070E8E00106
S3150120A5E01CE7E7FC7CC5C47093577CC584709457DF
S3150120A5F07CC544709557966748665CC7100279FFFB
S3150120A600FDF3481754ED81287800008422177A0239
S3150120A610007E70E8E0011CE7C73C2017480F48463A
S3150120A62000B66C8F18670001443F7A20FFF8506D01
S3150120A6308120481479FFFE0D0C3F7A020018481735
S3150120A64054ED8118480379FFFE8379FFFDA7780031
S3150120A650000C4B53481479FFFE9B480754ED812883
S3150120A6607800002C70E8E00130E7C73E79FFFF262D
S3150120A67022077A02FFF279FFFEE870E8E00130E76F
S3150120A680C73E79FFFF1022077A12FF10C5010090FD
S3150120A690C3F120F100040000182106F80080D3013F
S3150120A6A070E8E00158E7D73E22077A1100104933B6
S3150120A6B0481479FFFE3F7800006670E8E00130C754
S3150120A6C0C73E18E684FF22077A0100104923481461
S3150120A6D079FFFE217800004822167A02002050EDEB
S3150120A6E0801C2A177A020016482754ED801C70D543
S3150120A6F07AAA70E8E00454C70000480379FFFDCD2B
S3150120A70070E8E0011CE7E7FC4A3693679467956792
S3150120A710966748665CC7100279FFFCD9C301009091
S3150120A72020710004182106F00080D501D3F170E8CC
S3150120A730E0011CE7C73C82F758E7100222077A118D
S3150120A74000104933481479FFFDAB780000881BE7D8
S3150120A750C0FD2A177A1200104923481479FFFD9566
S3150120A76078000072480670E8E00454C700004803E8
S3150120A77079FFFD5979FFFC7D7062670E48544815B3
S3150120A78079FFCEF5494379FFE64779FFEEC779FF91
S3150120A790CE871C62800079FFD2AB480379FFD0892E
S3150120A7A079FFEEE17180E0F97190C010500C000044
S3150120A7B07C0803A60005220F7A02000E48F379FFD2
S3150120A7C0FBFB78000010222F7A02000A480379FF4A
S3150120A7D0FBEBC5010090C3F120F10004182106F01E
S3150120A7E00080D5011BC1090873C8E0011FDEC73CE3
S3150120A7F084FE7FE7407083FE447F480379FFFCCDCA
S3150120A80070E8E0011CE7E7FC846E9467836E93672A
S3150120A81070FE01860C7F7A1200104903481479FFD5
S3150120A820FCD378000012485670E8E0015CC7F7FEB9
S3150120A83079FFFBC1C50100901BC1080820F1000466
S3150120A840182106F80080D30170C8E0011CC6C73C58
S3150120A85084766C878366446770DE01860C677A127C
S3150120A86000104903481479FFFC8B7800002C48031B
S3150120A87079FFFC5970E8E0011CE7E7FC70C8E001AC
S3150120A8801CC6C73C845694578366936748465CC763
S3150120A890100279FFFB5FC3010090207100040000C4
S3150120A8A0182106E80080D7014807987199719A7195
S3150120A8B050ED801C2A277A12002450ED801470074F
S3150120A8C0A8317A1200187007A8377A1200104F03A0
S3150120A8D0481479FFFC1F780001C870E8E00158A7E9
S3150120A8E0D73E22157A11001479FFFAD54933481437
S3150120A8F079FFFC01780001AA70E8E0011CE7C73C5A
S3150120A900826768467088E00134C4D75B83777CE62A
S3150120A9102470986198612EF7997189712A077A12A4
S3150120A920001C897122377A11001488712A077A123C
S3150120A930000C887122377A01001479FFFA83493392
S3150120A940481479FFFBAF7800015888718961046743
S3150120A950202700C70C577A12001479FFFA6349336E
S3150120A960481479FFFB8F7800013870E8E0011CE775
S3150120A970D7404806D267D367897120272A377A01BB
S3150120A980003A70E8E00150A7D74848344837706844
S3150120A990E0011C63C73C7C83221481646C85446579
S3150120A9A0200700C70174896120260C677A10FFEA07
S3150120A9B070E8E00154A7D7488971202700C70174A0
S3150120A9C0886120660C677A00003670C8E00150A6BF
S3150120A9D0D74C7068E0011C63C73C7C8322148164D8
S3150120A9E06C854465200700C70174886120660C6761
S3150120A9F07A10FFEA70E8E00154A7D74C70A8E0016D
S3150120AA001CA5D740C3455C8D811E30E5106A1CC745
S3150120AA10020C6C367CC53214C436C366043618C69D
S3150120AA2084FF00C69A618A61C25520060C567A02B5
S3150120AA3000201CE7020C6C3770C8E0011CC6D74009
S3150120AA407CE63A147C832214D4477800002220071E
S3150120AA5000C770C8E0011CC6D74034E6106A1CE75F
S3150120AA60020C6C377CE63A14D357D447481670E863
S3150120AA70E00134C7D75C480379FFFA5170E8E00159
S3150120AA801CE7E7FC4A06926750CD80247CC54470BA
S3150120AA909357946748465CC7100279FFF957C70157
S3150120AAA00090217100040000182106F80080D301CE
S3150120AAB070E8E00158E7D73E22077A11001479FFA2
S3150120AAC0F9174933481479FFFA2B7800015018C732
S3150120AAD084FE50AD80240D567A01001479FFF8F9D1
S3150120AAE04933481479FFFA0D7800013218E784FEBC
S3150120AAF074E4043F70E8E0015C87D75830CD8020AC
S3150120AB007006A8FF7A02001C70E8E00130E7C73E14
S3150120AB102A077A02000E2A047A11001A78000044C4
S3150120AB2070E8E00130E7C73E0C677A0200E479FF5E
S3150120AB30FFE8586D811E70C8E0011CC6D74018C6B3
S3150120AB40807170E8E0011CE7C73C201700B418A704
S3150120AB50000118A604017A20FFF806435C6D811EC8
S3150120AB6070E8E00130E7D75B2A077A020034748760
S3150120AB70063F18E6C8037A1200287CC7321474C52A
S3150120AB80063F7088E0011C84D7402C037CC43A140C
S3150120AB9034660072200700C70D577A02FFF250CDA6
S3150120ABA08124C0762A077A02000E481734ED811CCB
S3150120ABB07800006A480734ED811CC07600B700078B
S3150120ABC070E8E0011CE7D740AC67C2570456D2674C
S3150120ABD02A137A02001479FFF7FF4F23481479FFCD
S3150120ABE0F91378000038480379FFF8E130ED802029
S3150120ABF070C8E0011CC6E7FC927648255CA61002C7
S3150120AC00200734ED802079FFF7EB7800001079FFDB
S3150120AC10F7C74F23481479FFF8DBC3010090207151
S3150120AC2000040000182106F80080D301481670E8B8
S3150120AC30E00134C7D75C70E8E00158E7D73E2A1710
S3150120AC407A1200104933481479FFF8A97800003C9C
S3150120AC5058ED811E2A077A02002A481734ED8020F2
S3150120AC60480379FFF86770E8E0011CE7E7FC48062E
S3150120AC70926748165CC7100279FFF7797800000CB5
S3150120AC804933481479FFF86DC301009020710004FF
S3150120AC90182106F00080D501D3F150CD8124C2764A
S3150120ACA02A077A02000E481734ED811C7800007EAF
S3150120ACB0013F480734ED811CC17600B70007D03F1C
S3150120ACC022037A02003470E8E0011CE7E7FC4FF624
S3150120ACD0916770C8E0011CC6C73C825692578356BD
S3150120ACE09357846694674F26956779FFF70779FF0F
S3150120ACF0F7BB78000038480379FFF7D170E8E00107
S3150120AD001CE7E7FC70C8E0011CC6C73C8256925777
S3150120AD1083569357846694674806956748565CC759
S3150120AD20100279FFF6CF79FFF783C5010090C3F1B1
S3150120AD3020F10004182106F00080D501D3F150ED51
S3150120AD408124C2772A077A02000E481734ED811C26
S3150120AD507800007C013F480634CD811C00B70007EE
S3150120AD60D03F22037A02003470E8E0011CE7E7FCB9
S3150120AD704FF6916770C8E0011CC6C73C82569257B0
S3150120AD8083569357846694674B56956779FFF66584
S3150120AD9079FFF71978000038480379FFF72F70E813
S3150120ADA0E0011CE7E7FC70C8E0011CC6C73C8356DE
S3150120ADB092578456935785669467480695674856F1
S3150120ADC05CC7100279FFF62D79FFF6E1C5010090E7
S3150120ADD0C3F120F100040000182106E80080D70104
S3150120ADE070E8E00158C7D73E22367A110010493360
S3150120ADF0481479FFF6FF780004444807D2719C7104
S3150120AE009D7170E8E00130E7C73E22077A0202B45D
S3150120AE1070A8E0011CA5C73C83756C87844544470F
S3150120AE2085557088E00134A4D75D1807A9FF7A02F9
S3150120AE3001544827D27122167A11001479FFF5811F
S3150120AE404933481479FFF6AD780003F27CA72470C4
S3150120AE509C712EF59D518D712A077A12001C8D71D8
S3150120AE6022377A1100148C712A077A12000C8C7100
S3150120AE7022377A0100104933481479FFF677780092
S3150120AE8003BC8C718D510457204774E3063F7467C8
S3150120AE90043F0C767A1200104933481479FFF6558F
S3150120AEA07800039A70E8E0011CE7D7404806D4678A
S3150120AEB0D5678D7120472A577A01034670E8E0014C
S3150120AEC050A7D7504854485770C8E0011C06C73CC4
S3150120AED07C80221481646C854465200700C7017437
S3150120AEE08D6120460C677A10FFEA70E8E00154A7CD
S3150120AEF0D7508D71204700C70D737A01003070C875
S3150120AF00E00150C6D7547088E0011C84C73C7CA45C
S3150120AF103A1481556C864456200700C70D737A1161
S3150120AF20FFF070E8E00154C7D75470E8E00150E71C
S3150120AF30D75418E6C8037A1200102037066770C85E
S3150120AF40E00154E6D7541861800879FFFDEBC27100
S3150120AF502A077A02029C480379FFF57170E8E0011D
S3150120AF601CE7E7FC70C8E0011CC6C73C8356935713
S3150120AF708466946748465CC7100279FFF4777800A7
S3150120AF800270709F07010C477A02005C4827D27134
S3150120AF9022357A12029618E584FF00C722077A0124
S3150120AFA0028A4933481479FFF54B780002904933D8
S3150120AFB0481479FFF53F780002847C832214864465
S3150120AFC06C864446200700C701740C757A11FFEE82
S3150120AFD070E8E00154C7D7401861800879FFFCB5B5
S3150120AFE07800020E709F07020C477A0200CA482792
S3150120AFF0D27122057A02008222467A01003248570E
S3150120B00070A8E0011C05D7407068E0011C63C73CAD
S3150120B0107CA03A147C833A14814434850019200794
S3150120B02000C774E5043F0D567A11FFE850ED8124DF
S3150120B030C37700B70007D23122037A0200104B539F
S3150120B040481479FFF4AF780001F4480379FFF47DC1
S3150120B05070E8E0011CE7E7FC70C8E0011CC6C73CAC
S3150120B060835693578466946748465CC7100279FFD6
S3150120B070F3837800017C2A057A020030480379FFA0
S3150120B080F44B70E8E0011CE7E7FC70C8E0011CC640
S3150120B090C73C835693578466946748465CC710021B
S3150120B0A079FFF3517800014A4923481479FFF44581
S3150120B0B07800018A4923481479FFF4397800017E02
S3150120B0C022177A02003E50ED80182A177A020116BD
S3150120B0D079FFF3D9480379FFF3F370E8E0011CE720
S3150120B0E0E7FC70C8E0011CC6C73C835692578466AC
S3150120B0F0936748465CC7100279FFF2F9780000F29F
S3150120B10022277A0200E050ED80182A177A0200D60B
S3150120B11070A8E0011CA5C73C83756C87844544470C
S3150120B120854570A8E0013485D75D18A4800500C542
S3150120B1301807A9FF7A02004E2A047A12001800E5A0
S3150120B1400C567A1200104933481479FFF3A7780078
S3150120B15000EC480379FFF37570E8E0011CE7E7FC92
S3150120B16070C8E0011CC6C73C825692578366936716
S3150120B170C261956748565CC7100279FFF27778005D
S3150120B1800070707F07010C377A02004E2A047A126A
S3150120B190001800E50C567A1200104933481479FF3D
S3150120B1A0F35378000098480379FFF32170E8E00112
S3150120B1B01CE7E7FC70C8E0011CC6C73C82569257C3
S3150120B1C083669367C261956748565CC7100279FF0B
S3150120B1D0F2237800001C4923481479FFF3177800DD
S3150120B1E0005C4903481479FFF30B7800005070E89E
S3150120B1F0E00130E7C73E54ED8018780000408D719C
S3150120B200204700C70D737A11FCF879FFFD3C6C15B8
S3150120B21070E8E00150C7D740480448077068E0014C
S3150120B2201C63C73C79FFFD967CA70870204700C7A1
S3150120B2300C677A02FD7C79FFFFD8C7010090217146
S3150120B240000400002A037A02000C481734ED811C01
S3150120B2500004480734ED811C546D812470E8E00414
S3150120B26050E700002A077A02000C481754ED801C8B
S3150120B2700004482754ED801C00040000182106F024
S3150120B2800080D501D3F170E8E00130E7C73C2A17E9
S3150120B2907A02016470C8E0011CC6C73C825658E692
S3150120B2A0100218E784FE00E75CE610022A077A12EC
S3150120B2B0001C70C8E0011CC6C73C201600B718E662
S3150120B2C0000134E6FFFE7A20FFF850ED801054EDA0
S3150120B2D0801470E8E00130E7C73D54ED8010700519
S3150120B2E0A8557A02011222F77A02000C79FFF3ADF2
S3150120B2F0780000E423077A02000C79FFF42B78000A
S3150120B30000D67007A8227A02000C79FFF4D37800C0
S3150120B31000C67007A82E7A02000C79FFF52778005F
S3150120B32000B67007A8347A02002050ED801C2A2727
S3150120B3307A02009C50ED81182A177A02009279FF31
S3150120B340F563780000927007A8317A02002050ED4B
S3150120B350801C2A277A02007850ED81182A177A0252
S3150120B360006E79FFFA777800006E7007A8367A02A8
S3150120B370002050ED801C2A277A02005450ED8118B6
S3150120B3802A177A02004A79FFF7237800004A7007C4
S3150120B390A8277A02001650ED801C2A277A0200304F
S3150120B3A079FFF191780000307007A8377A020020E2
S3150120B3B050ED801C2A277A02001650ED81182A1793
S3150120B3C07A02000C79FFF8617800000C49134814C1
S3150120B3D079FFF12170E8E0011FE7C73C480634C731
S3150120B3E0C73C187F800148046335780008DD48078B
S3150120B3F05CFF1002C5010090C3F120F1000400009A
S3150120B4007068E0011C63D74000040000182106F093
S3150120B4100080D501D3F1013F01F379FFEBC748A3A2
S3150120B42079FFD9AD79FFFFF4182106F00080D50107
S3150120B430D3F1013F01F379FFECB379FFFE4348A332
S3150120B44079FFD98D79FFFFF0182106F00080D5010B
S3150120B4501BC1090873C2670E73E007D001E34A04D2
S3150120B46079FFC23501F379FFD96779FFFFF2000031
S3150120B47070F05800C16770C000FE5CC701C870C07B
S3150120B480E10465F654C701E870C6E00070CBC2F04E
S3150120B490D16770C6E00070D4C50FD167C07770D070
S3150120B4A05800C07669C722277A02FFFA00040000F5
S3150120B4B0182106F00080D501D3F179FF7E1B706833
S3150120B4C0E0001C6310D0481470A8E0001CA510FCF5
S3150120B4D0480679FF8C834803480479FF8C934833C7
S3150120B4E07088E0001C840F2479FFC1551C628000FE
S3150120B4F07080E1211C84C15879FFEE557068E00106
S3150120B5001C63E7FC7088E0011C84C73C79FFEE0DC3
S3150120B51073E8E0001FFF10BC01F379FFFD2B01F357
S3150120B52079FFE4357060E1211C63B4287080E12144
S3150120B5301C84C7686345480648677100000079FF87
S3150120B540D3577060E1211C63B40C7080E1211C8407
S3150120B550C77470A000C8480648677100000079FFCB
S3150120B560D3377060E1211C63B4487080E1211C84CB
S3150120B570C77C70A000C8480648677100000079FFA3
S3150120B580D31779FFD50F50ED812C2A077A12FFFAAE
S3150120B590506D812CC5010090C3F120F100040000FB
S3150120B5A0182106F80080D30150CD80287800001993
S3150120B5B0C30100902071000481736C87803344732A
S3150120B5C000040000182106A000805401006419C15E
S3150120B5D009182A037A1202EC2A067A1002EC7F4312
S3150120B5E02A147EE432141B3A84F01B1784E07A0273
S3150120B5F000142A157A0202D8803300336BF37800BF
S3150120B60003062A057A1202CE0236014C013E014773
S3150120B6101B7784F41AD784F918D784FBD26172BFB9
S3150120B6207FFF71E000007260E1211E73C780728086
S3150120B630E1211E94C7A01A3A84FC18DA84FDD3614D
S3150120B6401A5A84F81A1A84F118DA84F2D46118DEA7
S3150120B650800180DE7FA5247022E57A1200680D69BB
S3150120B6607A0100C20D787A1000BCC0F6C106C23636
S3150120B670C346D0F7D107D237D3477FE72A147FC6EF
S3150120B6802A142EFD01E379FFFF330135201E7CC3E9
S3150120B690F85022ED7A1200F622637A01025E0D6CD1
S3150120B6A07A110214C056C176D05FD17FC256C376B5
S3150120B6B0D25FD37FA876B87F203D7CFFEA1479FF3D
S3150120B6C0FF907C0680407A000212814E18DE8002AD
S3150120B6D07C1030407A10020A01457004A8FF7A02D4
S3150120B6E00026C451015E066500B580562006045425
S3150120B6F07A3001C42A047A1001EE7005A8FF7A1265
S3150120B700FFEC01457C05A8007A12019E20E57C8587
S3150120B7103A140D477A1101987C862A140D467A111E
S3150120B72001947FE72A140DBF7A1100167FC62A14C9
S3150120B7307C1E90407A01002E016478000006016487
S3150120B7407C642A14016E0D3A7A02016C7C17F8404A
S3150120B7507A1001640173780004D97C7CF850780052
S3150120B76001A6C046C156D047D157207720760D7FF6
S3150120B7707A11FFF201E379FFFE430135201E7CC3D6
S3150120B780F8502EFD22ED7A020050807E200E7C1E7E
S3150120B79088407A110122017D7007A8FF7A020026CE
S3150120B7A0C341014306E400B4804E200E04477A309B
S3150120B7B0013C2A077A1001007004A8FF7A12FFECD7
S3150120B7C0017D7C1DA8007A1200EE20ED7CFDFA1485
S3150120B7D00D7F7A1100E2203D0D6C7A1100DA7CFF93
S3150120B7E0EA1422657A11003255FF00008046904FF7
S3150120B7F08146914F8246924F8346934F6C257C9387
S3150120B800282E7C6622147CC6202ED16F7CD4282E2D
S3150120B81007367800000EC046C156D04FD15F20763C
S3150120B820187F80080DB77A010058C2510D577A1139
S3150120B83000867C03B0407A00002401640135C0F4FF
S3150120B840C104D0F5D105207520747C1628407A11C3
S3150120B850FFF07C63B050043603E30D377A01FDF225
S3150120B8607CA3AA147CC6AA147C83385000B41886FB
S3150120B8700001188504017A20FFF879FFFDD4C0461E
S3150120B880C156D24FD15322FD7A01FDC620FF207623
S3150120B890C006C146D00FD14F207F20760DF77A11F1
S3150120B8A0FFF279FFFDAC016E7800000C016E780085
S3150120B8B00006016E7C7E7050186384FF7800004874
S3150120B8C02C03780000422C037800003C2C037800DE
S3150120B8D000362C0378000030016E79FFFFDA016E05
S3150120B8E079FFFFD4016E79FFFFCE013E79FFFFC8B4
S3150120B8F07CFFEA1479FFFEF4203D0D6C7A01FFF4FA
S3150120B90079FFFFB450010064009019C1081818216D
S3150120B9108060000470FFE403C06754CD8138C0679E
S3150120B92061F6D0672037C06754CD813CC06761F688
S3150120B930D067000450CD813870FFE403D06750CD25
S3150120B940813C2037D0670004182106F80080D301F6
S3150120B95050ED813048032A077A02001479FF93219A
S3150120B9602A037A02000A481754ED8130C301009058
S3150120B97020710004182106F80080D30148334804B9
S3150120B98079FF9311C301009020710004182106D07C
S3150120B9900080DD01DBF17C83221470C0E1211CC60D
S3150120B9A0C7C018C684FC480F480571600001496765
S3150120B9B000B718E602040D737A100016C1060D03AE
S3150120B9C07A00001E7D672830447F7800001A0D74A6
S3150120B9D07A10001E7D672830447F7800000A0D7496
S3150120B9E07A1000D420057A20FFCC780000CA2A0FCD
S3150120B9F07A1200B8508D814048074815496600B62D
S3150120BA007CA638307CC3F8397A12001423477A1180
S3150120BA10000E7CC320397A120006456F20077A2052
S3150120BA20FFE248032A0F7A120098485318818008AA
S3150120BA3079FF93B1C27167F77A0200164853481409
S3150120BA4079FF92512A037A120008780000004807EC
S3150120BA50D471D571D671D7F1D87148131881801058
S3150120BA6079FF94911861800C79FF91917023A90334
S3150120BA707A12FFF42A037A02004850AD8140480722
S3150120BA804814496600B67C8638307CC0F8397A126B
S3150120BA90000C23477A110006446520077A20FFEA25
S3150120BAA054AD81407800001A4813780000144813D9
S3150120BAB07800000E2A0F7A02FF3E79FFFFF4CD01AE
S3150120BAC00090CBF11821803000040000182106E8EF
S3150120BAD00080D70170A0009018C180082C0779FF3B
S3150120BAE096A3C7010090217100040000182106D8F1
S3150120BAF00080DB011B810918013C014D015E73E8C1
S3150120BB00E0011FFFF80001F31881800879FF97D51E
S3150120BB10702399037A12FFF27068E0011C63F80022
S3150120BB2001C401D501E679FF96F7CB0100901B816F
S3150120BB300818182180280004182106D80080DB0166
S3150120BB401BA1091C013D014E015F7068E0011C63C8
S3150120BB50F8001881800879FF978B7023A9037A1240
S3150120BB60001801D301E401F563861CED8134711FB0
S3150120BB707FFF79FF9857CB0100901BA1081C182144
S3150120BB8080280004182106F80080D301480370801C
S3150120BB90E1211C84C81879FF8887C3010090207190
S3150120BBA000040000182106F80080D3010137014561
S3150120BBB04803017479FF87C9480379FF87E3002386
S3150120BBC0C30100902071000470C8E0007068E1C6CE
S3150120BBD050E610CC7069C66D05731C633039546606
S3150120BBE010CC7463847F000470E8E000546710CCA5
S3150120BBF000040D347A10001E2005480700B57A305E
S3150120BC0000127CC438AE7CC339AE200779FFFFF21F
S3150120BC1000047CE32A140454200500B57A30001070
S3150120BC2018C400FF18C704FF79FFFFF40004182188
S3150120BC3006F00080D3F1D501013F7C0320107C0062
S3150120BC40011001460030015723E51820A8007A018A
S3150120BC5000387C861A782E362A067A1200187A0639
S3150120BC60000C7800021B78000056780002E5780067
S3150120BC70004E7A06000C7800006B780000427800AE
S3150120BC8001437800003A7A06001C2007480500B7D0
S3150120BC907A30002C7CE628AE7CFF29AE200579FF80
S3150120BCA0FFF204767CA32A14200700B77A3000100D
S3150120BCB018E600FF18E504FF79FFFFF401F3196187
S3150120BCC0801079FF7604182106F00080D3F1D50182
S3150120BCD0013F7800034501F31961801079FF75EA68
S3150120BCE0182106F00080D3F1D50118E484FF7C03E6
S3150120BCF000D018C384FF181FC8037A12001C06F54A
S3150120BD00480000BF7D6400AE7D6301AE20007A202D
S3150120BD10FFF60406040718E784FD18C684FD7CA0F7
S3150120BD202C717A1200560164017300B0516300042C
S3150120BD305564000451630008556400085163000CE2
S3150120BD405564000C516300105564001051630014B2
S3150120BD505564001451630018556400185163001C82
S3150120BD605564001C19630220196406207A20FFC03D
S3150120BD707C0428700446044774A4F77F2A047A12A7
S3150120BD80001C0163027300B4180B02041803060495
S3150120BD907A20FFF86C24044604472027480418A576
S3150120BDA0C8037A12001600B57CA622141867000172
S3150120BDB0200494357A20FFF41961801079FF750AE1
S3150120BDC0045304541867C8037A12001E06750136F7
S3150120BDD0024300B7180B00FF180604FF7A20FFF86C
S3150120BDE01863C4FC06747CA02C717A1200560137A4
S3150120BDF0014600B05166FFFC5567FFFC5166FFF80E
S3150120BE005567FFF85166FFF45567FFF45166FFF059
S3150120BE105567FFF05166FFEC5567FFEC5166FFE869
S3150120BE205567FFE85166FFE45567FFE4196602E0AE
S3150120BE30196706E07A20FFC018E0A4E004730474B1
S3150120BE4074A7F77F2A077A12001E0136024300B72C
S3150120BE50180B02FC180606FC7A20FFF818E7A4FC4A
S3150120BE600473047418A7C8037A12001200B718E4E1
S3150120BE7000FF18E304FF7A20FFF80004182106F0DA
S3150120BE800080D3F1D5017CC300D0180484FF18E3C8
S3150120BE9084FF18DFC8037A12001C06F5480600BF86
S3150120BEA07FE430AE7FE331AE20067A20FFF60467C9
S3150120BEB004601860800118E784FD2E337D630050ED
S3150120BEC07C691870188B800150CB00011949B0206C
S3150120BED07CAB1C717A12003C027002447D6903A678
S3150120BEE0500C00047CC648307C1F54307C004830FE
S3150120BEF044F654C8000418CC02087CDF543044F0C0
S3150120BF00180806087A20FFDC7D60187004040407EF
S3150120BF1067D57A120016C1047CC648307C0054309D
S3150120BF20203744062034D06718A6C8037A12001A8F
S3150120BF30186384FF2027043400B618C4000118C7EB
S3150120BF4004017A20FFF81961801079FF737C18218A
S3150120BF5006F004531BC1090804541867C8037A1252
S3150120BF60001E06750136014F00B7181F00FF18067F
S3150120BF7004FF7A20FFF81863C4FC0674188AC003EC
S3150120BF807CA01C7118EAB0047D4918700474190943
S3150120BF90B020196484FC50E4FFFC7A12003C023480
S3150120BFA0033F00B0509FFFFC7CE644307C9E483026
S3150120BFB07C84443044E654CCFFFC18FF02F87CE62E
S3150120BFC048304464188C06F87A20FFDC18C0A4F89F
S3150120BFD07D6B3214046367D57A12001C50CBFFFCAB
S3150120BFE07CE744307CC64830186384FC4467196B6F
S3150120BFF084FCD07318A7C8037A1200167D6B5214DD
S3150120C00000B718EB00FF18E304FF7A20FFF81BC1E5
S3150120C010080820F1000400C423E501477A010084C1
S3150120C0207CE300D018E6C8037A1200160665480795
S3150120C03000B67C8339AE20077A20FFFA04734807BD
S3150120C0402A047A1200187C8640707C80C0707C8716
S3150120C0508070440744747C8733787CA42C717A12CF
S3150120C0600024013600B4D076D176D276D376D47632
S3150120C070D576D67621F654E6FFFC7A20FFEC6C5471
S3150120C080044374A6F77F2A067A120016188384FCC5
S3150120C09000B618E406047A20FFFC6C2604632E35CC
S3150120C0A0480600B52A057A12000E7CE331AE200639
S3150120C0B07A20FFFA00040000182106F000804400CF
S3150120C0C05401001479FF6C0D79FF72595001001447
S3150120C0D0009020F100040000182106F000804400A1
S3150120C0E05401001479FF6B5150010014009020F186
S3150120C0F00004000000000000000000000000000015
S30D0120C100000000000000000010
S3150120C1080120C108400090D0400010D0400010FC0A
S3110120C118012141000120C1000120C82C9A
S30D0120C124FFFFFFFF00000000F0
S30D0120C12CFFFFFFFF00000000E8
S3150120C1340000001C000000000000000100000000B7
S3150120C144000000005A5A5A5AA5A5A5A512345678B4
S3150120C1548765432100000010000000100000000044
S3150120C164000000000000000000000000000000079D
S3150120C174000000040000000100000004000000018A
S3150120C1840000000700000004000000010000000474
S3150120C1940000000100000000FC040020FC0400242F
S3150120C1A4FC040028FFFF76B2FFFF76CAFFFF76CA9A
S3150120C1B4FFFF76CAFFFF76B8FFFF76CAFFFF76CA6E
S3150120C1C4FFFF76CAFFFF76CAFFFF76CAFFFF76CA4C
S3150120C1D4FFFF76CAFFFF76BEFFFF76CAFFFF76CA48
S3150120C1E4FFFF76CAFFFF76CAFFFF76CAFFFF76CA2C
S3150120C1F4FFFF76CAFFFF76CAFFFF76CAFFFF76CA1C
S3150120C204FFFF76CAFFFF76CAFFFF76CAFFFF76CA0B
S3150120C214FFFF76CAFFFF76C4FFFF7F02FFFF7F0879
S3150120C224FFFF7F08FFFF7F08FFFF7618FFFF7F08C8
S3150120C234FFFF7F08FFFF7F08FFFF7F08FFFF7F08BF
S3150120C244FFFF7F08FFFF7F08FFFF760CFFFF7F08B4
S3150120C254FFFF7F08FFFF7F08FFFF7F08FFFF7F089F
S3150120C264FFFF7F08FFFF7F08FFFF7F08FFFF7F088F
S3150120C274FFFF7F08FFFF7F08FFFF7F08FFFF7F087F
S3150120C284FFFF7F08FFFF7F08FFFF7612006A006A1F
S3150120C294006A006A006A006A006A006A006A006A23
S3150120C2A4006A006A006A006A006A006A006A006A13
S3150120C2B4006A006A006A006A006A006A006A006A03
S3150120C2C4006A006A006A006A006A006A006A006AF3
S3150120C2D4006A006A006A006A006A006A006A006AE3
S3150120C2E4006A006A006A006A006A006A006A006AD3
S3150120C2F4006A0014001500160054000A000B000CF5
S3150120C304005D006A00280029000F000F001E001F8F
S3150120C314002000210032005B005B0063006400659D
S3150120C324006A002A002B003300340035003600371A
S3150120C33400380039003A003B003C003D003E003FF6
S3150120C34400400041004200430006006100620004EF
S3150120C3540005006A001800190000006A005A005AF4
S3150120C364000100020003001C006A006A006A006AD8
S3150120C3740007006A0060006A006A006A00460047F6
S3150120C38400480049004A004B004C004D0053006907
S3150120C3940066006A006A0000FFFF8230FFFF824EBA
S3150120C3A4FFFF826CFFFF828AFFFF890AFFFF893A1A
S3150120C3B4FFFF896AFFFF899AFFFF89C4FFFF89006E
S3150120C3C4FFFF8A38FFFF8A6EFFFF8AA0FFFF8AD20A
S3150120C3D4FFFF8AF6FFFF8B1C00F8C00000404000D7
S3150120C3E400FC000000FC800000FD000000FD800030
S3150120C3F400FE00000061000000FF00000062000052
S3150120C40400F9000000F9400000F9800000F9C0009D
S3150120C41400FA000000FA400000FA800000FAC00089
S3150120C42400FB000000FB800000F8000000F840003B
S3150120C434010000000104000001080000010C0000B5
S3150120C444011000000114000001180000011C000065
S3150120C454012000000124000001280000012C000015
S3150120C464013000000134000001380000013C0000C5
S3150120C474014000000144000001480000014C000075
S3150120C48401500000015400000000000100000002D8
S3150120C4940000000400000008000000100000002035
S3150120C4A4000000400000008000000100000002009E
S3150120C4B40000000100000002000000040000000842
S3150120C4C40000001000000020000000400000008051
S3150120C4D4000001000000020000000001000000022B
S3150120C4E40000000100000002000000040000000812
S3150120C4F40000001000000020000000400000008021
S3150120C50400000100000002000000040000000800F1
S3150120C5140000100000002000000040000000800000
S3150120C52400010000000200000004000000080000D1
S3150120C5340010000000200000000002370000024322
S3150120C5440000024F0000025B000002670000027334
S3150120C5540000027F0000028B000002360000024226
S3150120C5640000024E0000025A000002660000027218
S3150120C5740000027E0000028A000002380000024404
S3150120C584000002500000025C0000026800000274F0
S3150120C594000002800000028C0000023900000245DE
S3150120C5A4000002510000025D0000026900000275CC
S3150120C5B4000002810000028D0000023A00000246BA
S3150120C5C4000002520000025E0000026A00000276A8
S3150120C5D4000002820000028E0000023B0000024796
S3150120C5E4000002530000025F0000026B0000027784
S3150120C5F4000002830000028F0000023C0000024872
S3150120C60400000254000002600000026C000002785F
S3150120C61400000284000002900000023D000002494D
S3150120C62400000255000002610000026D000002793B
S3150120C63400000285000002910000023E0000024A29
S3150120C64400000256000002620000026E0000027A17
S3150120C6540000028600000292FFEC0000FBEC0000C1
S3150120C664FFEC4000FBEC4000FFEC8000FBEC80007B
S3150120C674FFECC000FBECC00000000235FFFFFF8089
S3150120C684FFFFFF80FFFFFF80FFFFFF80FFFFFF808B
S3150120C694FFFFFF80FFFFFF80FFFF9CCCFFFF9CD0A5
S3150120C6A4FFFF9CD4FFFF9CD8FFFF9CDCFFFF9CE08F
S3150120C6B4FFFF9CE4FFFF9E90FFFF9EF4FFFF9FA6D2
S3150120C6C4FFFFA07AFFFFA2B2FFFFA2C8FFFFA2D2FB
S3150120C6D4FFFFA2A0FFFFA2A800010203040506078B
S3150120C6E408090909090A0A0A0A0B0B0B0B0C0C0C7B
S3150120C6F40C0D0D0D0D0D0D0D0D0E0E0E0E0E0E0E39
S3150120C7040E0E0E0E0E0E0E0E0E0F0F0F0F0F0F0F17
S3150120C7140F0F0F0F0F0F0F0F0F000000FFEC00007C
S3150120C724FBEC0000FFEC4000FBEC4000FFEC80003A
S3150120C734FBEC8000FFECC000FBECC00000000060B5
S3150120C744000000600000006000000060000000603E
S3150120C75400000060000000600000006049444C4570
S3150120C76400000000547052656365696576650000B2
S3150120C774545053656E6400004C454400000000008B
S3150120C784000000010000000200000001000000007A
S3150120C7940000000400000004000000040000000062
S3150120C7A40000000000000000FFFFFFFFFFFFFFFC69
S3150120C7B40000000100000002000000030100000047
S3150120C7C40104000001080000010C00000110000012
S3150120C7D40114000001180000011C000001200000C2
S3150120C7E40124000001280000012C00000130000072
S3150120C7F40134000001380000013C00000140000022
S3150120C8040144000001480000014C000001500000D1
S3150120C8140154000000000001010000000000000096
S30D0120C82400000000FFFFFFFFE9
S3150120C82C011B033B0000001000000001FFFF6A56AC
S3090120C83C000000547D
S3150120C8400000003C00000000017A5200027C4101F8
S3150120C8501B0C01000D0B11417F8E128F119010912F
S3150120C8600F920E930D940C950B960A970998089999
S3150120C870079A069B059C049D039E029F01000000CA
S3150120C8800000003800000044FFFF69FA0000005252
S3150120C8900042CE42CF42D042D142D242D342D442AA
S3150120C8A0D542D642D742D842D942DA42DB42DC428D
S3150120C8B0DD42DE44DF410641410D0100000000005A
S3090120C8C0000000004D
S3150120C8C400000005012020004000000001202C006A
S3150120C8D40120C91840000C000120C9180120C918DB
S3150120C8E440000C000120CDE80120CDE8400010D005
S3150120C8F40120CE140120CE144000F8100120CE14BC
S3150120C90400000002400010FC4000121440001214E2
S3090120C9144000F810B0
S3150120C91800000000000000360000000100000001B0
S3150120C9280000006700000001000000010000006807
S3150120C938000000010000000100000078000000014D
S3150120C948000000010000007900000001000000013C
S3150120C9580000007A00000001000000010000007BB1
S3150120C96800000001000000010000007C0000000119
S3150120C978000000010000007D000000010000000108
S3150120C9880000007E00000001000000010000007F79
S3150120C9980000000100000001000000450000000120
S3150120C9A800000001000000820000000100000001D3
S3150120C9B80000008300000001000000010000006F54
S3150120C9C800000001000000010000006900000001CC
S3150120C9D800000001000000700000000100000001B5
S3150120C9E800000046000000010000000100000100CF
S3150120C9F80000000000000000000000000000010007
S3150120CA0800000000020101010101000000000100EF
S3150120CA1800000000000001000000000000000100E5
S3150120CA2800000000000001000000000000000100D5
S3150120CA3800000000000001000000000000000000C6
S3150120CA4800000000000001000000000000000100B5
S3150120CA5800000000000001000000000000000000A6
S3150120CA680000000000000101010101010000000091
S3150120CA780000000000000000000000000000000087
S3150120CA880000000000000000000000000000000077
S3150120CA980000000000000000000000000000000166
S3150120CAA80100000000000000000000000000000056
S3150120CAB8000000000000001240000C0400000000E5
S3150120CAC8000000010000000300000003000000012F
S3150120CAD8000000010000000700000000000000001F
S3150120CAE80000000000000000000000000000000017
S3150120CAF80000000000000000000000000000000007
S3150120CB0800000000000000000000010000000000F5
S3150120CB1800000000000000000000000000000000E6
S3150120CB2800000000000000000000000000000000D6
S3150120CB3800000000000000000000000000000000C6
S3150120CB4800000000000000000000000000000000B6
S3150120CB5800000000000000000000000000000000A6
S3150120CB680000000000000000000000000000000096
S3150120CB780000000000000000000000000000800006
S3150120CB880100000100000000000000000000000074
S3150120CB9802625A00000000010000000000000000A7
S3150120CBA80000000002FAF08000000002270F0000B2
S3150120CBB82000000000000003000000030000000020
S3150120CBC80000000000000000000000000000000036
S3150120CBD80000000000000000000000000000000026
S3150120CBE80000000000000000000000000000000016
S3150120CBF80000000000000000000000000000000006
S3150120CC0800000000000000000000000000000000F5
S3150120CC1800000000000000000000000000000000E5
S3150120CC2800000000000000000000000000000000D5
S3150120CC3800000FFFFFFC0000000000750000000245
S3150120CC4800000000FFFC170E000000000000000095
S3150120CC5800000000000000000000000000000001A4
S3150120CC680000000000000000000000000000000095
S3150120CC780000000000000000000000000000000085
S3150120CC880000000000000000000000000000000075
S3150120CC980000000000000000000000000000000065
S3150120CCA80000000000000000000000000000000055
S3150120CCB80000000000000000FFFC0000000000103A
S3150120CCC80000000200000001FFFC1702000000001E
S3150120CCD80000000000000000000000000000000025
S3150120CCE80000000100000000000000000000000014
S3150120CCF80000000000000000000000000000000005
S3150120CD0800000000000000000000000000000000F4
S3150120CD1800000000000000000000000000000000E4
S3150120CD2800000000000000000000000000000000D4
S3150120CD38000000000000000000000000FFFC0000C9
S3150120CD48000000110000000200000000FFFC17028D
S3150120CD5800000000000000000000000000000000A4
S3150120CD680000000000000000000000010000000291
S3150120CD780000001000000010000000100000001044
S3150120CD88000000100000001000000010000000BC88
S3150120CD980000000000000000000000000000000064
S3150120CDA80000000000000000000000000000000054
S3150120CDB80000000000000000000000000000000044
S3150120CDC80000AA00000000000000000001209A7857
S3150120CDD801209BF0012099DC01209CB00000000174
S3150120CDE840000CDC0000800002625A000000ABC043
S3150120CDF800000002000000310000000200000001CE
S3110120CE080100000000000FF800001000DF
S70501200000D9
